production_date;site_id;shift_id;no_tiket;unit_id;employee_id;end_time;bruto;tara;netto;tonase
2025-11-02;2;1;20365;9;5;13.39.00;69,26;23,66;45,60;45,60
2025-11-02;2;1;20364;13;9;13.49.00;67,42;23,70;43,72;43,72
2025-11-02;2;1;20363;7;36;14.43.00;67,74;23,69;44,05;44,05
2025-11-02;2;1;20366;18;8;16.21.00;68,63;23,73;44,90;44,90
2025-11-02;2;1;20368;14;6;16.21.00;68,25;23,71;44,54;44,54
2025-11-02;2;1;20367;15;7;16.24.00;69,56;23,66;45,90;45,90
2025-11-03;2;1;20370;7;36;12.04.00;72,36;23,80;48,56;48,56
2025-11-03;2;1;20369;11;23;12.06.00;70,70;23,65;47,05;47,05
2025-11-03;2;1;20371;13;9;12.10.00;71,64;23,84;47,80;47,80
2025-11-03;2;1;20372;10;5;12.51.00;72,41;23,75;48,66;48,66
2025-11-03;2;1;20378;8;43;09.57.00;69,91;23,61;46,30;46,30
2025-11-03;2;1;20376;14;6;13.45.00;71,78;23,81;47,97;47,97
2025-11-03;2;1;20375;15;7;13.48.00;70,18;23,78;46,40;46,40
2025-11-03;2;1;20374;9;35;13.50.00;71,42;23,82;47,60;47,60
2025-11-03;2;1;20377;18;34;13.54.00;71,43;23,85;47,58;47,58
2025-11-03;2;2;20379;12;9;19.12.00;72,85;23,74;49,11;49,11
2025-11-03;2;2;20381;16;8;22.09.00;74,62;23,54;51,08;51,08
2025-11-04;2;1;20383;12;9;10.51.00;73,84;23,78;50,06;50,06
2025-11-04;2;1;20380;11;23;10.52.00;74,17;23,84;50,33;50,33
2025-11-04;2;1;20382;7;36;10.55.00;74,18;23,77;50,41;50,41
2025-11-04;2;1;20384;13;33;10.57.00;73,49;23,88;49,61;49,61
2025-11-04;2;1;20387;8;43;19.25.00;70,57;23,77;46,80;46,80
2025-11-04;2;1;20385;14;6;11.51.00;73,83;23,79;50,04;50,04
2025-11-04;2;1;20386;18;34;12.28.00;72,12;23,87;48,25;48,25
2025-11-04;2;1;20390;16;8;14.22.00;74,84;23,75;51,09;51,09
2025-11-04;2;1;20388;9;35;15.07.00;74,83;23,87;50,96;50,96
2025-11-04;2;2;20393;7;36;19.45.00;73,34;23,55;49,79;49,79
2025-11-04;2;2;20391;12;9;19.49.00;71,59;23,50;48,09;48,09
2025-11-04;2;2;20392;13;33;19.52.00;64,68;23,50;41,18;41,18
2025-11-04;2;2;20394;8;43;11.33.00;71,47;23,84;47,63;47,63
2025-11-04;2;2;20396;11;23;19.54.00;74,55;23,75;50,80;50,80
2025-11-05;2;1;20398;7;36;15.28.00;69,78;23,62;46,16;46,16
2025-11-05;2;1;20397;8;43;22.35.00;71,54;23,82;47,72;47,72
2025-11-05;2;1;20400;12;9;15.35.00;71,58;23,62;47,96;47,96
2025-11-05;2;1;20399;11;23;15.40.00;70,89;23,63;47,26;47,26
2025-11-05;2;1;20401;16;8;15.40.00;71,52;23,62;47,90;47,90
2025-11-05;2;1;20389;15;34;15.42.00;73,52;23,64;49,88;49,88
2025-11-05;2;1;20395;14;6;15.45.00;70,11;23,63;46,48;46,48
2025-11-05;2;1;20402;13;33;15.47.00;70,84;23,62;47,22;47,22
2025-11-05;2;1;20404;18;7;17.28.00;70,70;23,55;47,15;47,15
2025-11-05;2;1;20405;10;5;18.02.00;71,70;23,55;48,15;48,15
2025-11-05;2;2;20408;12;9;00.14.00;74,37;23,77;50,60;50,60
2025-11-05;2;2;20411;10;5;00.15.00;67,06;23,76;43,30;43,30
2025-11-06;2;1;20412;10;5;13.40.00;71,60;23,50;48,10;48,10
2025-11-06;2;1;20413;12;9;13.41.00;73,01;23,70;49,31;49,31
2025-11-06;2;1;20409;13;33;13.43.00;73,69;23,68;50,01;50,01
2025-11-06;2;1;20406;8;43;19.54.00;71,51;23,75;47,76;47,76
2025-11-06;2;1;20407;16;8;13.47.00;72,72;23,66;49,06;49,06
2025-11-06;2;1;20414;18;7;14.47.00;72,22;23,63;48,59;48,59
2025-11-06;2;1;20415;11;23;14.50.00;71,72;23,65;48,07;48,07
2025-11-06;2;1;20410;15;34;14.55.00;74,22;23,65;50,57;50,57
2025-11-06;2;2;20418;7;36;20.47.00;71,23;23,78;47,45;47,45
2025-11-06;2;2;20419;13;33;20.49.00;71,29;23,72;47,57;47,57
2025-11-06;2;2;20417;10;5;20.52.00;68,51;23,50;45,01;45,01
2025-11-06;2;2;20416;12;9;20.53.00;72,71;23,69;49,02;49,02
2025-11-07;2;1;20420;16;8;09.40.00;71,96;23,84;48,12;48,12
2025-11-07;2;1;20421;11;23;10.19.00;72,42;23,74;48,68;48,68
2025-11-07;2;1;20422;15;34;10.22.00;69,09;23,81;45,28;45,28
2025-11-07;2;1;20423;14;6;10.37.00;69,19;23,70;45,49;45,49
2025-11-07;2;1;20424;13;33;10.38.00;70,99;23,69;47,30;47,30
2025-11-07;2;1;20425;12;9;11.08.00;71,37;23,72;47,65;47,65
2025-11-07;2;1;20426;10;5;11.11.00;71,56;23,76;47,80;47,80
2025-11-07;2;1;20427;19;37;11.52.00;69,44;23,76;45,68;45,68
2025-11-07;2;1;20428;8;43;16.12.00;71,56;23,65;47,91;47,91
2025-11-07;2;1;20430;7;36;13.46.00;72,02;23,80;48,22;48,22
2025-11-07;2;1;20429;18;7;13.48.00;70,00;23,85;46,15;46,15
2025-11-07;2;1;20403;9;35;17.25.00;71,25;23,72;47,53;47,53
2025-11-07;2;2;20431;11;23;18.34.00;71,33;23,83;47,50;47,50
2025-11-07;2;2;20433;10;5;18.49.00;70,45;23,78;46,67;46,67
2025-11-07;2;2;20432;12;9;18.50.00;71,35;23,87;47,48;47,48
2025-11-08;2;1;20439;7;36;09.39.00;71,67;23,70;47,97;47,97
2025-11-08;2;1;20434;13;33;09.42.00;69,30;23,60;45,70;45,70
2025-11-08;2;1;20437;8;43;13.25.00;71,83;23,77;48,06;48,06
2025-11-08;2;1;20440;18;7;10.27.00;73,09;23,62;49,47;49,47
2025-11-08;2;1;20441;12;9;11.14.00;73,88;23,64;50,24;50,24
2025-11-08;2;1;20443;11;23;12.18.00;72,70;23,61;49,09;49,09
2025-11-08;2;1;20436;14;6;12.22.00;68,53;23,52;45,01;45,01
2025-11-08;2;1;20435;15;34;12.30.00;70,41;23,62;46,79;46,79
2025-11-08;2;1;20442;10;5;12.33.00;72,79;23,65;49,14;49,14
2025-11-08;2;1;20438;19;37;14.09.00;71,88;23,62;48,26;48,26
2025-11-08;2;1;20448;12;9;17.02.00;73,87;23,61;50,26;50,26
2025-11-08;2;1;20444;7;36;17.17.00;75,09;23,61;51,48;51,48
2025-11-08;2;1;20446;13;33;17.20.00;72,82;23,62;49,20;49,20
2025-11-08;2;1;20447;18;7;17.25.00;74,24;23,64;50,60;50,60
2025-11-08;2;1;20445;8;43;12.45.00;71,96;23,71;48,25;48,25
2025-11-08;2;1;20449;10;5;17.35.00;74,26;23,64;50,62;50,62
2025-11-09;2;1;20454;19;37;14.26.00;74,66;23,87;50,79;50,79
2025-11-09;2;1;20452;14;6;14.29.00;73,49;23,80;49,69;49,69
2025-11-09;2;1;20455;8;43;15.52.00;72,12;23,70;48,42;48,42
2025-11-09;2;1;20451;11;23;15.13.00;75,08;23,86;51,22;51,22
2025-11-09;2;1;20450;9;35;15.18.00;74,11;23,84;50,27;50,27
2025-11-09;2;1;20453;15;34;15.21.00;72,87;23,86;49,01;49,01
2025-11-09;2;1;20457;7;36;15.49.00;72,91;23,80;49,11;49,11
2025-11-09;2;1;20458;12;9;16.08.00;72,81;23,70;49,11;49,11
2025-11-09;2;1;20456;13;33;16.10.00;73,45;23,78;49,67;49,67
2025-11-09;2;1;20459;10;5;16.12.00;68,63;23,62;45,01;45,01
2025-11-09;2;1;20460;18;7;16.15.00;67,56;23,73;43,83;43,83
2025-11-09;2;1;20461;16;8;18.11.00;69,20;23,75;45,45;45,45
2025-11-09;2;2;20465;10;5;23.15.00;70,13;23,61;46,52;46,52
2025-11-09;2;2;20470;12;9;00.12.00;69,33;23,61;45,72;45,72
2025-11-10;2;1;20462;19;37;09.53.00;68,54;23,71;44,83;44,83
2025-11-10;2;1;20463;11;23;10.12.00;68,87;23,80;45,07;45,07
2025-11-10;2;1;20469;9;35;10.16.00;64,48;23,70;40,78;40,78
2025-11-10;2;1;20464;15;34;10.18.00;68,44;23,72;44,72;44,72
2025-11-10;2;1;20471;16;8;10.23.00;68,64;23,62;45,02;45,02
2025-11-10;2;1;20466;7;36;10.45.00;71,19;23,82;47,37;47,37
2025-11-10;2;1;20468;18;7;10.46.00;67,32;23,80;43,52;43,52
2025-11-10;2;1;20467;13;33;10.51.00;70,51;23,75;46,76;46,76
2025-11-10;2;1;20472;14;6;11.12.00;68,63;23,60;45,03;45,03
2025-11-10;2;1;20473;8;43;20.46.00;71,50;23,00;48,50;48,50
2025-11-10;2;1;20475;10;5;17.31.00;71,50;23,00;48,50;48,50
2025-11-10;2;1;20474;19;37;17.32.00;71,50;23,00;48,50;48,50
2025-11-10;2;1;20476;16;8;17.33.00;71,50;23,00;48,50;48,50
2025-11-10;2;1;20479;12;9;17.37.00;71,50;23,00;48,50;48,50
2025-11-10;2;2;20480;14;6;20.42.00;71,50;23,00;48,50;48,50
2025-11-10;2;2;20481;13;33;20.45.00;71,50;23,00;48,50;48,50
2025-11-10;2;2;20483;8;43;14.54.00;71,50;23,00;48,50;48,50
2025-11-10;2;2;20477;15;34;20.46.00;71,50;23,00;48,50;48,50
2025-11-10;2;2;20478;9;35;21.44.00;71,50;23,00;48,50;48,50
2025-11-10;2;2;20482;11;23;21.44.00;71,50;23,00;48,50;48,50
2025-11-11;2;1;20486;12;9;12.00.00;71,50;23,00;48,50;48,50
2025-11-11;2;1;20487;10;5;12.01.00;71,50;23,00;48,50;48,50
2025-11-11;2;1;20484;7;36;12.03.00;71,50;23,00;48,50;48,50
2025-11-11;2;1;20488;16;8;12.13.00;71,50;23,00;48,50;48,50
2025-11-11;2;1;20489;19;37;13.01.00;71,50;23,00;48,50;48,50
2025-11-11;2;1;20490;11;23;14.05.00;71,50;23,00;48,50;48,50
2025-11-11;2;1;20493;9;35;14.06.00;71,50;23,00;48,50;48,50
2025-11-11;2;1;20494;8;43;17.40.00;71,50;23,00;48,50;48,50
2025-11-11;2;1;20495;13;33;14.55.00;71,50;23,00;48,50;48,50
2025-11-11;2;1;20492;14;6;14.56.00;71,50;23,00;48,50;48,50
2025-11-11;2;1;20496;12;9;18.01.00;71,50;23,00;48,50;48,50
2025-11-11;2;1;20498;7;36;18.10.00;71,50;23,00;48,50;48,50
2025-11-11;2;2;20500;16;8;19.34.00;71,50;23,00;48,50;48,50
2025-11-11;2;2;20499;19;37;19.51.00;71,50;23,00;48,50;48,50
2025-11-11;2;2;20504;13;33;03.24.00;71,50;23,00;48,50;48,50
2025-11-11;2;2;20501;11;23;03.24.00;71,50;23,00;48,50;48,50
2025-11-12;2;1;20497;10;5;12.28.00;71,50;23,00;48,50;48,50
2025-11-12;2;1;20503;14;6;17.37.00;71,50;23,00;48,50;48,50
2025-11-12;2;1;20502;9;35;17.39.00;71,50;23,00;48,50;48,50
2025-11-12;2;1;20505;8;43;12.18.00;71,50;23,00;48,50;48,50
2025-11-12;2;1;20506;7;36;18.01.00;71,50;23,00;48,50;48,50
2025-11-12;2;1;20508;13;33;18.02.00;71,50;23,00;48,50;48,50
2025-11-12;2;1;20507;19;37;18.04.00;71,50;23,00;48,50;48,50
2025-11-12;2;1;20509;16;8;18.36.00;71,50;23,00;48,50;48,50
2025-11-12;2;2;20512;12;9;19.01.00;71,50;23,00;48,50;48,50
2025-11-12;2;2;20511;18;7;19.02.00;71,50;23,00;48,50;48,50
2025-11-12;2;2;20485;18;7;19.02.00;71,50;23,00;48,50;48,50
2025-11-12;2;2;20513;10;5;19.32.00;71,50;23,00;48,50;48,50
2025-11-12;2;2;20510;11;23;20.39.00;71,50;23,00;48,50;48,50
2025-11-13;2;1;20515;12;9;11.48.00;71,50;23,00;48,50;48,50
2025-11-13;2;1;20519;13;33;12.03.00;71,50;23,00;48,50;48,50
2025-11-13;2;1;20517;7;36;12.04.00;71,50;23,00;48,50;48,50
2025-11-13;2;1;20516;14;6;12.07.00;71,50;23,00;48,50;48,50
2025-11-13;2;1;20514;19;37;12.16.00;71,50;23,00;48,50;48,50
2025-11-13;2;1;20520;8;43;19.58.00;71,50;23,00;48,50;48,50
2025-11-13;2;1;20518;9;35;13.12.00;71,50;23,00;48,50;48,50
2025-11-13;2;1;20521;11;23;13.20.00;71,50;23,00;48,50;48,50
2025-11-13;2;1;20522;10;5;13.19.00;71,50;23,00;48,50;48,50
2025-11-13;2;1;20523;16;8;14.50.00;71,50;23,00;48,50;48,50
2025-11-13;2;2;20528;19;37;19.37.00;71,50;23,00;48,50;48,50
2025-11-13;2;2;20524;12;9;19.49.00;71,50;23,00;48,50;48,50
2025-11-13;2;2;20529;10;5;19.52.00;71,50;23,00;48,50;48,50
2025-11-13;2;2;20530;7;33;19.52.00;71,50;23,00;48,50;48,50
2025-11-13;2;2;20527;8;43;12.25.00;71,50;23,00;48,50;48,50
2025-11-13;2;2;20525;14;6;20.00.00;71,50;23,00;48,50;48,50
2025-11-14;2;1;20526;13;33;07.50.00;71,50;23,00;48,50;48,50
2025-11-14;2;1;20531;11;23;07.51.00;71,50;23,00;48,50;48,50
2025-11-14;2;1;20532;9;35;07.52.00;71,50;23,00;48,50;48,50
2025-11-14;2;1;20533;19;37;10.10.00;71,50;23,00;48,50;48,50
2025-11-14;2;1;20535;16;8;11.01.00;71,50;23,00;48,50;48,50
2025-11-14;2;1;20537;7;36;12.02.00;71,50;23,00;48,50;48,50
2025-11-14;2;1;20534;14;6;12.02.00;71,50;23,00;48,50;48,50
2025-11-14;2;1;20538;8;43;19.36.00;71,50;23,00;48,50;48,50
2025-11-14;2;1;20539;10;5;12.33.00;71,50;23,00;48,50;48,50
2025-11-14;2;1;20536;12;9;16.01.00;71,50;23,00;48,50;48,50
2025-11-14;2;1;20540;13;33;16.05.00;71,50;23,00;48,50;48,50
2025-11-14;2;1;20541;11;23;16.06.00;71,50;23,00;48,50;48,50
2025-11-14;2;1;20544;16;8;18.24.00;71,50;23,00;48,50;48,50
2025-11-14;2;2;20545;7;36;19.01.00;71,50;23,00;48,50;48,50
2025-11-14;2;2;20542;19;37;19.13.00;71,50;23,00;48,50;48,50
2025-11-14;2;2;20543;14;6;19.36.00;71,50;23,00;48,50;48,50
2025-11-14;2;2;20546;8;43;14.52.00;71,50;23,00;48,50;48,50
2025-11-14;2;2;20547;10;5;21.23.00;71,50;23,00;48,50;48,50
2025-11-15;2;1;20549;12;9;13.03.00;71,50;23,00;48,50;48,50
2025-11-15;2;1;20548;9;35;13.35.00;71,50;23,00;48,50;48,50
2025-11-15;2;1;20551;14;6;14.12.00;71,50;23,00;48,50;48,50
2025-11-15;2;1;20550;11;23;14.00.00;71,50;23,00;48,50;48,50
2025-11-15;2;1;20556;8;43;13.20.00;72,37;23,81;48,56;48,56
2025-11-15;2;1;20555;16;8;14.53.00;71,50;23,00;48,50;48,50
2025-11-15;2;1;20552;19;37;14.54.00;71,50;23,00;48,50;48,50
2025-11-15;2;1;20553;7;36;16.54.00;71,50;23,00;48,50;48,50
2025-11-17;2;1;20554;10;5;11.56.00;72,63;23,52;49,11;49,11
2025-11-17;2;1;20558;13;33;13.49.00;75,62;23,74;51,88;51,88
2025-11-17;2;1;20564;12;9;14.31.00;72,97;23,69;49,28;49,28
2025-11-17;2;1;20562;16;8;15.09.00;71,07;23,70;47,37;47,37
2025-11-17;2;1;20557;11;23;15.20.00;73,78;23,71;50,07;50,07
2025-11-17;2;1;20559;7;36;16.07.00;74,04;23,67;50,37;50,37
2025-11-17;2;1;20560;9;35;16.09.00;72,91;23,77;49,14;49,14
2025-11-17;2;1;20563;8;43;12.32.00;72,41;23,70;48,71;48,71
2025-11-17;2;1;20561;14;6;16.14.00;70,68;23,66;47,02;47,02
2025-11-17;2;1;20565;10;5;17.42.00;74,48;23,84;50,64;50,64
2025-11-17;2;1;20566;19;37;18.39.00;76,72;23,68;53,04;53,04
2025-11-17;2;2;20570;11;23;01.13.00;74,33;23,75;50,58;50,58
2025-11-18;2;1;20567;13;33;07.01.00;74,16;23,85;50,31;50,31
2025-11-18;2;1;20569;16;8;09.24.00;74,09;23,67;50,42;50,42
2025-11-18;2;1;20572;7;36;10.51.00;74,43;23,73;50,70;50,70
2025-11-18;2;1;20571;19;37;10.59.00;74,38;23,72;50,66;50,66
2025-11-18;2;1;20576;5;42;11.27.00;63,79;21,75;42,04;42,04
2025-11-18;2;1;20573;9;35;12.02.00;72,38;23,81;48,57;48,57
2025-11-18;2;1;20574;8;43;19.29.00;72,75;23,74;49,01;49,01
2025-11-18;2;1;20580;10;5;12.44.00;74,23;23,83;50,40;50,40
2025-11-18;2;1;20568;12;9;12.46.00;73,77;23,69;50,08;50,08
2025-11-18;2;1;20577;20;11;13.03.00;73,83;23,79;50,04;50,04
2025-11-18;2;1;20578;11;23;13.43.00;76,07;23,88;52,19;52,19
2025-11-18;2;1;20581;13;33;13.46.00;71,07;23,77;47,30;47,30
2025-11-18;2;1;20579;6;41;14.17.00;70,37;23,74;46,63;46,63
2025-11-18;2;1;20575;14;6;16.44.00;72,38;23,73;48,65;48,65
2025-11-18;2;1;20582;16;8;16.49.00;71,79;23,83;47,96;47,96
2025-11-18;2;1;20583;5;42;17.49.00;67,02;21,72;45,30;45,30
2025-11-18;2;1;20584;2;44;17.53.00;67,24;21,77;45,47;45,47
2025-11-18;2;1;20585;7;36;18.24.00;73,52;23,80;49,72;49,72
2025-11-18;2;2;20586;19;37;19.22.00;73,31;23,75;49,56;49,56
2025-11-18;2;2;20590;8;43;14.38.00;72,90;23,80;49,10;49,10
2025-11-18;2;2;20588;10;7;20.01.00;73,35;23,80;49,55;49,55
2025-11-18;2;2;20587;12;9;20.19.00;73,42;23,82;49,60;49,60
2025-11-18;2;2;20591;20;11;21.48.00;71,81;23,80;48,01;48,01
2025-11-19;2;1;20592;11;23;09.05.00;73,03;23,70;49,33;49,33
2025-11-19;2;1;20589;9;35;09.11.00;73,42;23,70;49,72;49,72
2025-11-19;2;1;20594;13;33;09.13.00;73,36;23,70;49,66;49,66
2025-11-19;2;1;20593;6;41;09.18.00;72,52;23,70;48,82;48,82
2025-11-19;2;1;20595;14;6;09.30.00;73,90;23,70;50,20;50,20
2025-11-19;2;1;20596;16;8;17.51.00;73,10;23,76;49,34;49,34
2025-11-19;2;2;20600;11;23;01.34.00;73,96;23,83;50,13;50,13
2025-11-19;2;2;20607;14;6;01.38.00;71,06;23,80;47,26;47,26
2025-11-19;2;2;20599;19;35;01.40.00;73,02;23,76;49,26;49,26
2025-11-20;2;1;20602;5;42;07.00.00;68,07;21,75;46,32;46,32
2025-11-20;2;1;20604;2;44;07.01.00;65,47;21,74;43,73;43,73
2025-11-20;2;1;20603;6;41;07.02.00;72,16;23,82;48,34;48,34
2025-11-20;2;1;20601;20;11;07.03.00;72,49;23,79;48,70;48,70
2025-11-20;2;1;20605;10;5;08.23.00;72,00;23,81;48,19;48,19
2025-11-20;2;1;20608;12;9;08.27.00;71,22;23,76;47,46;47,46
2025-11-20;2;1;20597;8;43;22.02.00;73,07;23,85;49,22;49,22
2025-11-20;2;1;20609;7;36;08.34.00;71,25;23,88;47,37;47,37
2025-11-20;2;1;20611;2;44;14.41.00;67,33;21,72;45,61;45,61
2025-11-20;2;1;20613;10;5;14.43.00;73,72;23,69;50,03;50,03
2025-11-20;2;1;20612;6;41;14.49.00;73,38;23,65;49,73;49,73
2025-11-20;2;1;20610;7;36;14.51.00;72,34;23,77;48,57;48,57
2025-11-20;2;1;20615;12;9;14.53.00;72,29;23,80;48,49;48,49
2025-11-20;2;1;20618;5;42;15.39.00;66,45;21,65;44,80;44,80
2025-11-20;2;1;20614;11;23;15.41.00;72,52;23,89;48,63;48,63
2025-11-20;2;1;20598;13;33;15.43.00;73,36;23,78;49,58;49,58
2025-11-20;2;1;20619;16;8;15.50.00;72,78;23,73;49,05;49,05
2025-11-20;2;1;20616;8;43;15.30.00;72,86;23,61;49,25;49,25
2025-11-20;2;1;20620;20;11;15.53.00;71,88;23,74;48,14;48,14
2025-11-20;2;1;20617;14;6;15.55.00;71,82;23,87;47,95;47,95
2025-11-20;2;1;20491;15;34;17.34.00;71,94;23,89;48,05;48,05
2025-11-20;2;1;20621;9;35;17.37.00;73,50;23,76;49,74;49,74
2025-11-20;2;1;20622;17;10;17.49.00;72,04;23,82;48,22;48,22
2025-11-20;2;1;20623;4;39;18.54.00;65,86;21,83;44,03;44,03
2025-11-20;2;2;20624;1;40;20.06.00;64,83;21,65;43,18;43,18
2025-11-20;2;2;20625;2;44;22.01.00;67,58;21,50;46,08;46,08
2025-11-20;2;2;20627;6;41;22.23.00;72,38;23,82;48,56;48,56
2025-11-20;2;2;20628;20;11;22.46.00;73,33;23,85;49,48;49,48
2025-11-21;2;1;20633;17;10;10.39.00;73,85;23,83;50,02;50,02
2025-11-21;2;1;20629;10;5;10.41.00;73,86;23,84;50,02;50,02
2025-11-21;2;1;20626;12;9;10.43.00;73,12;23,72;49,40;49,40
2025-11-21;2;1;20635;2;44;15.36.00;68,50;21,78;46,72;46,72
2025-11-21;2;1;20631;11;23;16.33.00;73,42;23,80;49,62;49,62
2025-11-21;2;1;20632;13;33;16.35.00;73,88;23,74;50,14;50,14
2025-11-21;2;1;20606;19;37;16.45.00;72,30;23,78;48,52;48,52
2025-11-21;2;1;20630;16;8;17.04.00;73,84;23,79;50,05;50,05
2025-11-21;2;1;20644;7;36;18.26.00;73,08;23,86;49,22;49,22
2025-11-21;2;1;20634;4;39;18.29.00;65,78;21,69;44,09;44,09
2025-11-21;2;1;20638;8;43;18.37.00;73,02;23,77;49,25;49,25
2025-11-21;2;1;20636;9;35;18.40.00;74,34;23,84;50,50;50,50
2025-11-21;2;1;20640;6;38;18.43.00;72,37;23,70;48,67;48,67
2025-11-21;2;1;20639;12;9;18.47.00;73,75;23,72;50,03;50,03
2025-11-21;2;1;20641;17;10;18.48.00;71,00;23,88;47,12;47,12
2025-11-21;2;1;20642;20;11;18.51.00;71,13;23,83;47,30;47,30
2025-11-21;2;1;20645;10;5;18.52.00;72,66;23,80;48,86;48,86
2025-11-21;2;1;20637;15;34;18.53.00;74,46;23,89;50,57;50,57
2025-11-21;2;1;20646;5;42;18.53.00;66,81;21,79;45,02;45,02
2025-11-21;2;1;20643;1;40;18.55.00;65,37;21,87;43,50;43,50
2025-11-21;2;2;20647;14;6;19.37.00;72,02;23,80;48,22;48,22
2025-11-22;2;2;20650;7;36;19.01.00;72,14;23,81;48,33;48,33
2025-11-22;2;2;20652;4;39;19.12.00;67,20;21,75;45,45;45,45
2025-11-22;2;2;20649;14;6;19.14.00;72,16;23,79;48,37;48,37
2025-11-22;2;2;20651;2;44;19.23.00;65,83;21,80;44,03;44,03
2025-11-22;2;2;20655;5;42;19.31.00;66,96;21,74;45,22;45,22
2025-11-22;2;2;20657;10;5;19.34.00;73,15;23,84;49,31;49,31
2025-11-22;2;2;20659;12;9;22.15.00;73,22;23,79;49,43;49,43
2025-11-22;2;2;20661;8;43;08.32.00;73,08;23,70;49,38;49,38
2025-11-22;2;2;20660;20;11;22.37.00;71,51;23,77;47,74;47,74
2025-11-22;2;2;20663;19;37;22.46.00;71,38;23,88;47,50;47,50
2025-11-22;2;2;20664;15;34;23.21.00;71,91;23,85;48,06;48,06
2025-11-22;2;2;20680;11;23;23.42.00;71,86;23,87;47,99;47,99
2025-11-22;2;2;20656;1;40;23.44.00;67,86;21,86;46,00;46,00
2025-11-22;2;2;20653;9;35;23.46.00;74,78;23,91;50,87;50,87
2025-11-23;2;1;20662;16;8;08.10.00;73,00;23,86;49,14;49,14
2025-11-23;2;1;20658;6;38;09.01.00;71,07;23,80;47,27;47,27
2025-11-23;2;1;20665;2;44;10.30.00;66,22;21,75;44,47;44,47
2025-11-23;2;1;20666;19;37;11.23.00;73,84;24,09;49,75;49,75
2025-11-23;2;1;20667;4;41;11.24.00;66,65;21,62;45,03;45,03
2025-11-23;2;1;20648;17;10;11.40.00;71,42;23,87;47,55;47,55
2025-11-23;2;1;20668;3;39;11.45.00;66,80;21,80;45,00;45,00
2025-11-23;2;1;20670;10;5;12.34.00;74,31;23,85;50,46;50,46
2025-11-23;2;1;20669;20;11;13.28.00;76,12;23,83;52,29;52,29
2025-11-23;2;1;20672;7;36;14.32.00;75,34;23,87;51,47;51,47
2025-11-23;2;1;20671;14;6;14.35.00;74,45;23,84;50,61;50,61
2025-11-23;2;1;20677;12;9;14.37.00;72,21;23,80;48,41;48,41
2025-11-23;2;1;20676;8;43;13.20.00;73,50;23,75;49,75;49,75
2025-11-23;2;1;20679;16;8;15.36.00;73,61;23,81;49,80;49,80
2025-11-23;2;1;20673;11;23;16.01.00;73,47;23,86;49,61;49,61
2025-11-23;2;1;20674;9;35;16.02.00;73,05;23,87;49,18;49,18
2025-11-23;2;1;20675;1;40;16.03.00;66,31;21,75;44,56;44,56
2025-11-23;2;1;20678;15;34;16.04.00;72,30;23,79;48,51;48,51
2025-11-23;2;1;20681;2;44;17.09.00;68,05;21,78;46,27;46,27
2025-11-23;2;1;20682;6;41;17.37.00;72,36;23,85;48,51;48,51
2025-11-23;2;1;20683;17;10;18.20.00;72,23;23,84;48,39;48,39
2025-11-23;2;2;20684;3;39;22.25.00;65,97;21,70;44,27;44,27
2025-11-23;2;2;20686;20;11;22.30.00;69,59;21,74;47,85;47,85
2025-11-24;2;1;20685;10;5;12.01.00;72,03;23,85;48,18;48,18
2025-11-24;2;1;20687;12;9;12.02.00;71,07;23,80;47,27;47,27
2025-11-24;2;1;20688;9;35;17.11.00;71,44;23,86;47,58;47,58
2025-11-24;2;2;20689;15;34;19.24.00;71,34;23,82;47,52;47,52
2025-11-24;2;2;20690;13;33;19.26.00;73,54;23,78;49,76;49,76
2025-11-25;2;1;20697;14;6;12.25.00;73,85;23,81;50,04;50,04
2025-11-25;2;1;20696;13;33;12.27.00;71,94;23,87;48,07;48,07
2025-11-25;2;1;20693;3;39;12.37.00;66,38;21,76;44,62;44,62
2025-11-25;2;1;20691;19;37;12.56.00;71,83;23,80;48,03;48,03
2025-11-25;2;1;20692;6;38;13.13.00;72,43;23,86;48,57;48,57
2025-11-25;2;1;20699;12;9;13.17.00;73,29;23,85;49,44;49,44
2025-11-25;2;1;20694;11;23;13.42.00;73,23;23,87;49,36;49,36
2025-11-25;2;1;20695;1;40;13.48.00;66,57;21,75;44,82;44,82
2025-11-25;2;1;20703;17;10;13.48.00;73,26;23,80;49,46;49,46
2025-11-25;2;1;20700;15;34;14.01.00;73,48;23,87;49,61;49,61
2025-11-25;2;1;20701;20;11;14.02.00;74,90;23,86;51,04;51,04
2025-11-25;2;1;20705;5;42;15.15.00;68,22;21,81;46,41;46,41
2025-11-25;2;1;20706;4;41;15.19.00;68,16;21,36;46,80;46,80
2025-11-25;2;1;20702;9;35;15.23.00;73,19;23,87;49,32;49,32
2025-11-25;2;1;20704;7;36;15.26.00;75,45;23,88;51,57;51,57
2025-11-25;2;1;20698;8;43;17.30.00;73,48;23,62;49,86;49,86
2025-11-25;2;2;20707;10;5;21.36.00;73,91;23,71;50,20;50,20
2025-11-25;2;2;20708;16;8;21.39.00;71,09;23,74;47,35;47,35
2025-11-26;2;1;20709;3;39;09.32.00;67,71;21,50;46,21;46,21
2025-11-26;2;1;20710;12;9;09.52.00;71,94;23,80;48,14;48,14
2025-11-26;2;1;20711;5;42;10.21.00;69,64;22,00;47,64;47,64
2025-11-26;2;1;20712;14;6;10.48.00;74,26;23,85;50,41;50,41
2025-11-26;2;1;20713;20;11;10.51.00;74,57;23,87;50,70;50,70
2025-11-26;2;1;20714;4;41;10.52.00;69,46;21,45;48,01;48,01
2025-11-26;2;1;20715;13;33;11.17.00;72,03;23,85;48,18;48,18
2025-11-26;2;1;20718;8;43;16.34.00;73,81;23,80;50,01;50,01
2025-11-26;2;1;20720;17;10;12.02.00;72,29;23,80;48,49;48,49
2025-11-26;2;1;20719;11;23;12.26.00;74,10;23,89;50,21;50,21
2025-11-26;2;1;20716;1;40;12.27.00;67,88;21,84;46,04;46,04
2025-11-26;2;1;20721;19;37;12.43.00;71,54;23,85;47,69;47,69
2025-11-26;2;1;20724;16;8;13.13.00;73,32;23,86;49,46;49,46
2025-11-26;2;1;20723;7;36;13.20.00;72,92;23,82;49,10;49,10
2025-11-26;2;1;20722;9;35;13.21.00;71,56;23,88;47,68;47,68
2025-11-26;2;1;20717;15;34;13.25.00;74,09;23,87;50,22;50,22
2025-11-26;2;1;20725;10;7;14.06.00;67,18;23,84;43,34;43,34
2025-11-26;2;1;20728;3;39;15.32.00;66,85;21,79;45,06;45,06
2025-11-26;2;1;20726;6;38;15.38.00;73,05;23,80;49,25;49,25
2025-11-26;2;1;20729;5;42;15.49.00;66,72;21,71;45,01;45,01
2025-11-26;2;1;20727;12;9;16.29.00;73,84;23,82;50,02;50,02
2025-11-26;2;1;20730;4;41;17.16.00;69,31;21,84;47,47;47,47
2025-11-26;2;1;20732;17;10;18.08.00;71,12;23,84;47,28;47,28
2025-11-26;2;1;20733;20;11;18.16.00;73,88;23,87;50,01;50,01
2025-11-26;2;1;20731;14;6;18.22.00;71,94;23,87;48,07;48,07
2025-11-26;2;1;20734;13;33;18.25.00;74,16;23,88;50,28;50,28
2025-11-26;2;2;20735;8;43;14.32.00;73,87;23,85;50,02;50,02
2025-11-26;2;2;20737;11;23;00.00.00;73,18;23,65;49,53;49,53
2025-11-26;2;2;20736;7;36;00.45.00;72,77;23,65;49,12;49,12
2025-11-26;2;2;20741;15;34;01.47.00;70,44;23,75;46,69;46,69
2025-11-26;2;2;20742;9;35;01.50.00;69,02;23,65;45,37;45,37
2025-11-27;2;1;20743;3;39;08.24.00;65,23;21,80;43,43;43,43
2025-11-27;2;1;20744;5;42;08.26.00;66,40;21,90;44,50;44,50
2025-11-27;2;1;20745;4;41;08.29.00;66,24;21,86;44,38;44,38
2025-11-27;2;1;20739;19;37;08.32.00;71,88;23,75;48,13;48,13
2025-11-27;2;1;20738;1;40;08.55.00;66,28;21,80;44,48;44,48
2025-11-27;2;1;20740;16;8;09.19.00;70,60;23,75;46,85;46,85
2025-11-27;2;1;20746;20;11;10.20.00;73,26;23,75;49,51;49,51
2025-11-27;2;1;20752;7;36;11.42.00;72,20;23,75;48,45;48,45
2025-11-27;2;1;20750;13;33;11.45.00;71,45;23,75;47,70;47,70
2025-11-27;2;1;20751;14;6;11.50.00;71,96;23,75;48,21;48,21
2025-11-27;2;1;20748;12;9;12.20.00;73,80;23,75;50,05;50,05
2025-11-27;2;1;20755;8;43;12.01.00;73,95;23,85;50,10;50,10
2025-11-27;2;1;20754;10;7;13.30.00;72,41;23,75;48,66;48,66
2025-11-27;2;1;20757;15;34;14.00.00;74,65;23,75;50,90;50,90
2025-11-27;2;1;20747;11;23;14.05.00;73,95;23,75;50,20;50,20
2025-11-27;2;1;20756;9;35;14.25.00;71,25;23,75;47,51;47,51
2025-11-27;2;1;20758;5;42;14.45.00;69,30;21,80;47,50;47,50
2025-11-27;2;1;20761;4;41;14.55.00;67,75;21,60;46,15;46,15
2025-11-27;2;1;20760;3;39;15.05.00;66,45;21,76;44,69;44,69
2025-11-27;2;1;20759;19;37;15.15.00;72,45;23,30;49,15;49,15
2025-11-27;2;1;20763;16;8;15.25.00;73,20;23,70;49,50;49,50
2025-11-27;2;1;20762;1;40;15.35.00;67,28;21,75;45,53;45,53
2025-11-27;2;1;20753;6;38;16.50.00;73,03;23,80;49,23;49,23
2025-11-27;2;2;20765;2;44;19.11.00;67,09;21,75;45,34;45,34
2025-11-27;2;2;20764;7;36;19.23.00;74,01;23,74;50,27;50,27
2025-11-27;2;2;20767;8;43;13.45.00;73,87;23,66;50,21;50,21
2025-11-27;2;2;20768;20;11;19.27.00;71,08;23,76;47,32;47,32
2025-11-27;2;2;20771;11;23;04.40.00;71,31;23,70;47,61;47,61
2025-11-28;2;1;20774;19;37;07.11.00;72,65;23,80;48,85;48,85
2025-11-28;2;1;20770;13;33;07.14.00;71,63;23,84;47,79;47,79
2025-11-28;2;1;20772;9;35;07.15.00;71,74;23,80;47,94;47,94
2025-11-28;2;1;20775;1;40;08.47.00;65,46;21,81;43,65;43,65
2025-11-28;2;1;20773;15;34;10.10.00;73,64;23,84;49,80;49,80
2025-11-28;2;1;20778;2;44;10.37.00;66,50;21,87;44,63;44,63
2025-11-28;2;1;20777;16;8;10.42.00;72,33;23,86;48,47;48,47
2025-11-28;2;1;20776;20;11;10.51.00;72,95;23,80;49,15;49,15
2025-11-28;2;1;20769;10;7;10.54.00;71,46;23,87;47,59;47,59
2025-11-28;2;1;20780;6;38;11.30.00;72,03;23,88;48,15;48,15
2025-11-28;2;1;20779;8;43;19.01.00;74,16;23,88;50,28;50,28
2025-11-28;2;1;20781;14;6;12.30.00;70,80;23,80;47,00;47,00
2025-11-28;2;1;20784;5;42;14.17.00;68,33;21,87;46,46;46,46
2025-11-28;2;1;20782;11;23;15.09.00;73,16;23,86;49,30;49,30
2025-11-28;2;1;20783;19;37;16.04.00;74,40;23,87;50,53;50,53
2025-11-28;2;1;20785;2;44;16.30.00;66,57;21,80;44,77;44,77
2025-11-28;2;1;20787;16;8;17.45.00;73,07;23,82;49,25;49,25
2025-11-28;2;1;20786;7;36;17.46.00;72,27;23,87;48,40;48,40
2025-11-28;2;2;20793;6;38;20.32.00;74,60;23,70;50,90;50,90
2025-11-28;2;2;20795;20;11;20.35.00;74,15;23,71;50,44;50,44
2025-11-28;2;2;20790;15;34;22.38.00;73,10;23,74;49,36;49,36
2025-11-29;2;1;20796;5;42;16.52.00;69,61;21,80;47,81;47,81
2025-11-29;2;1;20801;2;44;16.53.00;69,03;22,40;46,63;46,63
2025-11-29;2;1;20798;4;41;16.56.00;69,66;21,80;47,86;47,86
2025-11-29;2;1;20799;11;23;17.20.00;74,83;23,72;51,11;51,11
2025-11-29;2;1;20794;13;33;17.22.00;74,38;23,73;50,65;50,65
2025-11-29;2;1;20788;1;40;17.27.00;67,18;21,83;45,35;45,35
2025-11-29;2;1;20800;19;37;17.30.00;76,18;23,78;52,40;52,40
2025-11-29;2;1;20797;14;6;17.54.00;74,66;23,63;51,03;51,03
2025-11-29;2;1;20789;9;35;17.58.00;74,17;23,54;50,63;50,63
2025-11-29;2;1;20791;10;7;18.02.00;73,61;23,60;50,01;50,01
2025-11-29;2;1;20792;8;43;18.05.00;74,45;23,85;50,60;50,60
2025-11-29;2;1;20803;6;38;18.46.00;75,40;23,76;51,64;51,64
2025-11-29;2;2;20802;20;11;19.01.00;74,97;23,72;51,25;51,25
2025-11-29;2;2;20766;12;9;19.21.00;72,00;23,84;48,16;48,16
2025-11-30;2;1;20807;4;41;13.29.00;69,99;21,74;48,25;48,25
2025-11-30;2;1;20806;19;37;13.30.00;74,03;23,81;50,22;50,22
2025-11-30;2;1;20805;16;8;16.09.00;73,35;23,75;49,60;49,60
2025-11-30;2;1;20808;2;44;16.44.00;68,98;21,76;47,22;47,22
2025-11-30;2;1;20804;15;34;17.37.00;74,27;23,83;50,44;50,44
2025-11-30;2;1;20812;13;33;17.39.00;74,23;23,89;50,34;50,34
2025-11-30;2;1;20809;1;40;17.40.00;68,83;21,79;47,04;47,04
2025-11-30;2;1;20810;7;36;18.04.00;73,27;23,87;49,40;49,40
2025-11-30;2;1;20813;9;35;18.05.00;71,36;23,77;47,59;47,59
2025-11-30;2;1;20811;8;43;13.34.00;74,55;23,91;50,64;50,64
2025-11-30;2;1;20816;12;9;18.10.00;74,12;23,74;50,38;50,38
2025-11-30;2;1;20814;14;6;18.11.00;72,78;23,80;48,98;48,98
2025-11-30;2;1;20815;10;5;18.19.00;73,17;23,70;49,47;49,47
2025-11-30;2;2;20818;6;38;21.01.00;73,39;23,85;49,54;49,54
2025-11-30;2;2;20817;20;11;21.02.00;74,11;23,86;50,25;50,25
2025-11-30;2;2;20819;11;23;21.31.00;73,16;23,88;49,28;49,28
2025-12-01;2;2;20749;17;10;19.44.00;68,40;23,81;44,59;44,59
2025-12-01;2;2;20821;16;8;20.46.00;74,90;23,80;51,10;51,10
2025-12-01;2;2;20825;14;6;20.50.00;73,91;23,81;50,10;50,10
2025-12-01;2;2;20827;20;11;20.51.00;75,27;23,87;51,40;51,40
2025-12-01;2;2;20833;5;42;20.52.00;68,77;21,75;47,02;47,02
2025-12-01;2;2;20834;4;41;20.53.00;68,81;21,80;47,01;47,01
2025-12-01;2;2;20828;12;9;20.54.00;77,63;23,88;53,75;53,75
2025-12-01;2;2;20829;10;5;21.36.00;76,75;23,86;52,89;52,89
2025-12-01;2;2;20820;19;37;21.40.00;72,85;23,84;49,01;49,01
2025-12-01;2;2;20822;2;44;21.46.00;70,94;21,84;49,10;49,10
2025-12-01;2;2;20831;11;23;22.01.00;73,09;23,87;49,22;49,22
2025-12-01;2;2;20835;8;43;11.49.00;74,41;23,70;50,71;50,71
2025-12-01;2;2;20823;15;34;22.03.00;74,63;23,88;50,75;50,75
2025-12-01;2;2;20830;13;33;22.05.00;74,34;23,87;50,47;50,47
2025-12-01;2;2;20824;1;40;22.06.00;70,54;21,80;48,74;48,74
2025-12-02;2;1;20839;4;41;10.44.00;70,98;21,83;49,15;49,15
2025-12-02;2;1;20840;16;8;11.17.00;74,50;23,79;50,71;50,71
2025-12-02;2;1;20842;12;9;11.26.00;77,31;23,80;53,51;53,51
2025-12-02;2;1;20843;10;5;11.48.00;77,90;23,83;54,07;54,07
2025-12-02;2;1;20836;6;38;12.06.00;72,02;23,75;48,27;48,27
2025-12-02;2;1;20837;19;37;12.49.00;72,86;23,77;49,09;49,09
2025-12-02;2;1;20838;20;11;13.09.00;74,02;23,81;50,21;50,21
2025-12-02;2;1;20841;11;23;13.24.00;73,60;23,70;49,90;49,90
2025-12-02;2;1;20845;13;33;13.27.00;74,12;23,88;50,24;50,24
2025-12-02;2;1;20846;1;40;13.29.00;67,80;21,80;46,00;46,00
2025-12-02;2;1;20848;14;6;13.31.00;72,55;23,72;48,83;48,83
2025-12-02;2;1;20844;8;43;18.08.00;74,60;23,84;50,76;50,76
2025-12-02;2;1;20849;5;42;13.45.00;68,30;21,89;46,41;46,41
2025-12-02;2;1;20847;2;45;14.26.00;70,89;21,79;49,10;49,10
2025-12-02;2;1;20851;4;41;17.22.00;68,58;21,84;46,74;46,74
2025-12-02;2;1;20852;12;9;17.48.00;74,42;23,78;50,64;50,64
2025-12-02;2;1;20853;16;8;17.50.00;72,74;23,74;49,00;49,00
2025-12-02;2;1;20850;15;34;18.23.00;72,53;23,74;48,79;48,79
2025-12-02;2;1;20826;9;35;18.26.00;73,85;23,84;50,01;50,01
2025-12-02;2;2;20854;20;11;20.01.00;74,83;23,82;51,01;51,01
2025-12-02;2;2;20855;19;37;20.26.00;71,74;23,80;47,94;47,94
2025-12-02;2;2;20856;11;23;22.42.00;74,35;23,87;50,48;50,48
2025-12-02;2;2;20860;4;41;06.39.00;70,00;21,84;48,16;48,16
2025-12-03;2;1;20857;13;33;07.32.00;73,24;23,84;49,40;49,40
2025-12-03;2;1;20858;1;40;07.35.00;67,90;21,75;46,15;46,15
2025-12-03;2;1;20859;2;45;09.05.00;71,42;21,70;49,72;49,72
2025-12-03;2;1;20862;12;9;11.12.00;72,45;23,79;48,66;48,66
2025-12-03;2;1;20866;10;5;12.13.00;71,03;23,81;47,22;47,22
2025-12-03;2;1;20865;6;38;12.49.00;74,20;23,80;50,40;50,40
2025-12-03;2;1;20864;8;7;15.10.00;73,16;23,75;49,41;49,41
2025-12-03;2;1;20867;4;41;15.15.00;71,14;21,74;49,40;49,40
2025-12-03;2;1;20868;14;6;15.15.00;71,96;23,70;48,26;48,26
2025-12-03;2;1;20871;19;39;16.25.00;73,46;23,79;49,67;49,67
2025-12-03;2;1;20863;11;23;17.18.00;75,58;23,88;51,70;51,70
2025-12-03;2;1;20870;15;34;17.20.00;72,71;23,85;48,86;48,86
2025-12-03;2;1;20869;13;33;17.22.00;72,88;23,78;49,10;49,10
2025-12-03;2;1;20872;12;9;17.41.00;73,37;23,77;49,60;49,60
2025-12-03;2;1;20873;10;5;17.49.00;75,23;23,83;51,40;51,40
2025-12-03;2;1;20874;2;45;18.05.00;66,43;21,73;44,70;44,70
2025-12-04;2;1;20832;7;36;18.48.00;72,58;23,70;48,88;48,88
2025-12-04;2;2;20879;5;42;22.14.00;67,53;21,81;45,72;45,72
2025-12-04;2;2;20877;4;41;22.15.00;69,51;21,80;47,71;47,71
2025-12-04;2;2;20881;11;23;22.44.00;75,21;23,87;51,34;51,34
2025-12-04;2;2;20882;14;6;23.01.00;75,06;23,88;51,18;51,18
2025-12-04;2;2;20880;19;39;23.03.00;75,92;23,89;52,03;52,03
2025-12-04;2;2;20878;6;38;23.05.00;72,55;23,87;48,68;48,68
2025-12-04;2;2;20885;10;5;23.06.00;79,27;23,91;55,36;55,36
2025-12-04;2;2;20875;17;10;23.09.00;71,35;23,86;47,49;47,49
2025-12-04;2;2;20883;8;7;23.35.00;76,49;23,89;52,60;52,60
2025-12-05;2;1;20876;9;35;07.19.00;70,73;21,81;48,92;48,92
2025-12-05;2;1;20884;13;33;07.21.00;75,90;23,88;52,02;52,02
2025-12-05;2;1;20887;2;45;11.03.00;74,53;21,73;52,80;52,80
2025-12-05;2;1;20888;5;42;11.05.00;70,95;21,74;49,21;49,21
2025-12-05;2;1;20889;4;41;11.08.00;71,34;21,77;49,57;49,57
2025-12-05;2;1;20890;19;37;11.18.00;75,69;23,85;51,84;51,84
2025-12-05;2;1;20892;7;36;12.14.00;74,99;23,80;51,19;51,19
2025-12-05;2;1;20893;17;10;15.09.00;75,56;23,75;51,81;51,81
2025-12-05;2;1;20896;10;5;15.20.00;75,13;23,82;51,31;51,31
2025-12-05;2;1;20886;2;45;15.23.00;65,84;21,79;44,05;44,05
2025-12-05;2;1;20891;11;23;17.09.00;73,77;23,70;50,07;50,07
2025-12-05;2;1;20897;9;35;17.11.00;72,78;23,77;49,01;49,01
2025-12-05;2;1;20895;15;34;18.10.00;77,34;23,89;53,45;53,45
2025-12-05;2;1;20899;4;41;18.15.00;69,59;21,76;47,83;47,83
2025-12-05;2;2;20900;19;37;19.10.00;75,62;23,88;51,74;51,74
2025-12-05;2;2;20901;5;42;19.12.00;71,88;21,84;50,04;50,04
2025-12-05;2;2;20902;16;8;19.17.00;74,55;23,87;50,68;50,68
2025-12-05;2;2;20904;7;36;20.49.00;77,09;23,89;53,20;53,20
2025-12-05;2;2;20903;8;7;20.50.00;75,57;23,94;51,63;51,63
2025-12-05;2;2;20905;10;5;23.23.00;80,04;23,90;56,14;56,14
2025-12-06;2;1;20911;7;36;18.00.00;75,37;23,73;51,64;51,64
2025-12-06;2;1;20906;4;41;18.02.00;70,57;21,83;48,74;48,74
2025-12-06;2;1;20908;11;23;18.06.00;74,61;23,60;51,01;51,01
2025-12-06;2;1;20909;2;45;18.08.00;72,08;21,70;50,38;50,38
2025-12-06;2;1;20912;19;37;18.21.00;71,61;23,72;47,89;47,89
2025-12-06;2;1;20898;6;38;18.24.00;73,51;23,67;49,84;49,84
2025-12-06;2;1;20910;16;8;18.40.00;74,58;23,74;50,84;50,84
2025-12-06;2;2;20913;15;34;19.05.00;74,14;23,82;50,32;50,32
2025-12-06;2;2;20894;13;33;19.06.00;76,10;23,85;52,25;52,25
2025-12-07;2;1;20916;4;39;07.04.00;71,29;21,72;49,57;49,57
2025-12-07;2;1;20914;10;5;09.40.00;78,47;23,89;54,58;54,58
2025-12-07;2;1;20917;17;10;10.27.00;77,80;23,80;54,00;54,00
2025-12-07;2;1;20915;8;7;10.52.00;77,03;23,87;53,16;53,16
2025-12-07;2;1;20919;16;8;10.55.00;73,00;23,81;49,19;49,19
2025-12-07;2;1;20907;5;42;11.44.00;70,70;21,69;49,01;49,01
2025-12-07;2;1;20921;6;38;11.50.00;77,88;23,87;54,01;54,01
2025-12-07;2;1;20922;7;36;12.11.00;75,66;23,89;51,77;51,77
2025-12-07;2;1;20924;2;45;12.45.00;76,55;23,88;52,67;52,67
2025-12-07;2;1;20918;11;23;12.46.00;77,48;23,87;53,61;53,61
2025-12-07;2;1;20920;15;34;12.58.00;78,53;23,89;54,64;54,64
2025-12-07;2;1;20923;4;39;12.59.00;73,72;21,88;51,84;51,84
2025-12-07;2;1;20927;10;5;16.39.00;79,74;23,94;55,80;55,80
2025-12-07;2;1;20926;14;6;17.36.00;77,61;23,95;53,66;53,66
2025-12-07;2;1;20929;5;42;18.01.00;75,12;21,94;53,18;53,18
2025-12-07;2;1;20931;16;8;18.07.00;73,07;23,91;49,16;49,16
2025-12-07;2;1;20925;17;10;18.26.00;74,22;23,92;50,30;50,30
2025-12-07;2;1;20930;6;38;18.40.00;77,20;23,95;53,25;53,25
2025-12-07;2;1;20928;8;7;18.45.00;72,15;23,93;48,22;48,22
2025-12-07;2;2;20933;2;45;19.08.00;74,17;21,82;52,35;52,35
2025-12-07;2;2;20932;7;36;19.46.00;75,90;23,80;52,10;52,10
2025-12-07;2;2;20934;4;41;20.30.00;76,39;21,75;54,64;54,64
2025-12-07;2;2;20861;20;11;20.49.00;72,85;23,79;49,06;49,06
2025-12-07;2;2;20935;1;40;20.50.00;71,05;21,81;49,24;49,24
2025-12-08;2;1;20936;10;5;16.13.00;80,98;23,95;57,03;57,03
2025-12-08;2;1;20940;4;41;16.39.00;74,64;21,89;52,75;52,75
2025-12-08;2;1;20942;1;40;17.01.00;73,95;21,91;52,04;52,04
2025-12-08;2;1;20939;17;10;17.09.00;77,66;23,90;53,76;53,76
2025-12-08;2;1;20941;14;6;17.15.00;78,04;23,94;54,10;54,10
2025-12-08;2;1;20943;2;45;17.31.00;75,65;21,90;53,75;53,75
2025-12-08;2;1;20938;11;23;18.01.00;78,47;23,91;54,56;54,56
2025-12-08;2;1;20937;15;34;18.02.00;78,28;23,93;54,35;54,35
2025-12-08;2;1;20944;19;37;18.23.00;77,29;23,88;53,41;53,41
2025-12-08;2;1;20945;5;42;18.30.00;74,98;21,95;53,03;53,03
2025-12-08;2;2;20948;7;36;21.25.00;78,25;23,75;54,50;54,50
2025-12-08;2;2;20946;16;8;21.35.00;75,30;23,70;51,60;51,60
2025-12-09;2;1;20949;20;11;14.26.00;77,99;23,78;54,21;54,21
2025-12-09;2;1;20947;6;38;14.28.00;78,51;23,80;54,71;54,71
2025-12-09;2;1;20951;4;41;16.10.00;74,79;21,91;52,88;52,88
2025-12-09;2;1;20954;7;36;16.12.00;77,04;23,95;53,09;53,09
2025-12-09;2;1;20957;14;6;16.13.00;74,98;23,91;51,07;51,07
2025-12-09;2;1;20950;10;5;16.18.00;79,43;23,92;55,51;55,51
2025-12-09;2;1;20956;8;7;16.19.00;76,06;23,96;52,10;52,10
2025-12-09;2;1;20958;2;45;16.23.00;75,07;21,70;53,37;53,37
2025-12-09;2;1;20959;17;10;16.24.00;74,96;23,86;51,10;51,10
2025-12-09;2;1;20960;16;8;16.39.00;73,29;23,87;49,42;49,42
2025-12-09;2;1;20953;1;40;17.20.00;74,27;21,88;52,39;52,39
2025-12-09;2;1;20952;5;42;17.37.00;75,45;21,87;53,58;53,58
2025-12-09;2;2;20955;19;37;19.42.00;75,29;23,75;51,54;51,54
2025-12-09;2;2;20961;15;34;00.45.00;76,32;23,89;52,43;52,43
2025-12-09;2;2;20967;1;40;00.51.00;72,38;21,81;50,57;50,57
2025-12-09;2;2;20964;4;41;06.02.00;70,44;21,71;48,73;48,73
2025-12-09;2;2;20963;2;45;06.04.00;71,92;21,72;50,20;50,20
2025-12-10;2;1;20962;20;11;07.17.00;77,92;23,89;54,03;54,03
2025-12-10;2;1;20965;10;5;08.19.00;77,44;23,88;53,56;53,56
2025-12-10;2;1;20966;5;42;09.07.00;71,87;21,85;50,02;50,02
2025-12-10;2;1;20968;6;38;11.12.00;73,20;23,88;49,32;49,32
2025-12-10;2;1;20970;16;8;14.03.00;75,06;23,90;51,16;51,16
2025-12-10;2;1;20973;10;5;14.13.00;75,21;23,89;51,32;51,32
2025-12-10;2;1;20972;7;36;14.26.00;74,75;23,85;50,90;50,90
2025-12-10;2;1;20969;14;6;14.32.00;73,85;23,84;50,01;50,01
2025-12-10;2;1;20971;19;37;14.33.00;74,91;23,81;51,10;51,10
2025-12-10;2;1;20976;2;45;15.26.00;71,20;21,70;49,50;49,50
2025-12-10;2;1;20974;8;7;15.27.00;71,69;23,88;47,81;47,81
2025-12-10;2;1;20977;1;40;15.34.00;68,50;21,80;46,70;46,70
2025-12-10;2;1;20978;5;42;16.33.00;70,84;21,80;49,04;49,04
2025-12-10;2;1;20975;4;41;16.34.00;69,40;21,79;47,61;47,61
2025-12-10;2;1;20979;17;10;17.28.00;73,51;23,87;49,64;49,64
2025-12-12;2;1;20984;16;8;17.13.00;71,91;23,82;48,09;48,09
2025-12-12;2;1;20986;10;5;17.24.00;71,66;23,80;47,86;47,86
2025-12-12;2;1;20985;8;7;17.25.00;71,64;23,84;47,80;47,80
2025-12-12;2;1;20983;19;37;17.26.00;73,00;23,84;49,16;49,16
2025-12-12;2;1;20987;17;10;17.39.00;71,30;23,83;47,47;47,47
2025-12-12;2;2;20982;6;38;06.17.00;75,85;23,75;52,10;52,10
2025-12-12;2;2;20988;1;47;06.50.00;70,53;21,72;48,81;48,81
2025-12-12;2;2;20989;7;36;06.53.00;73,18;23,70;49,48;49,48
2025-12-13;2;1;20992;1;47;13.15.00;70,43;21,75;48,68;48,68
2025-12-13;2;1;20993;6;38;13.34.00;70,62;23,61;47,01;47,01
2025-12-13;2;1;20990;14;6;13.37.00;72,82;23,80;49,02;49,02
2025-12-13;2;1;20981;20;11;13.56.00;76,15;23,75;52,40;52,40
2025-12-13;2;1;20994;2;45;15.08.00;73,31;21,70;51,61;51,61
2025-12-13;2;1;20991;19;37;14.02.00;71,49;23,81;47,68;47,68
2025-12-13;2;1;20980;15;34;14.21.00;74,79;23,76;51,03;51,03
2025-12-14;2;2;21003;1;47;19.27.00;70,61;21,80;48,81;48,81
2025-12-14;2;2;20995;16;8;19.29.00;72,26;23,73;48,53;48,53
2025-12-14;2;2;20997;10;5;19.32.00;75,38;23,80;51,58;51,58
2025-12-14;2;2;20998;5;42;19.34.00;68,29;21,80;46,49;46,49
2025-12-14;2;2;21004;20;11;19.36.00;70,62;23,81;46,81;46,81
2025-12-14;2;2;21001;14;6;19.39.00;75,31;23,84;51,47;51,47
2025-12-14;2;2;21006;8;7;19.41.00;70,89;23,82;47,07;47,07
2025-12-14;2;2;20996;4;41;19.44.00;70,74;21,70;49,04;49,04
2025-12-14;2;2;21000;9;35;19.46.00;70,29;23,80;46,49;46,49
2025-12-14;2;2;21002;19;37;19.49.00;73,85;23,84;50,01;50,01
2025-12-14;2;2;20999;11;23;19.52.00;70,42;23,81;46,61;46,61
2025-12-14;2;2;21007;2;45;20.43.00;73,74;21,70;52,04;52,04
2025-12-14;2;2;21005;6;38;20.51.00;72,81;21,80;51,01;51,01
2025-12-15;2;1;21009;7;36;10.12.00;74,97;23,76;51,21;51,21
2025-12-15;2;1;21010;8;7;10.16.00;73,88;23,86;50,02;50,02
2025-12-15;2;1;21008;5;42;10.18.00;71,65;21,70;49,95;49,95
2025-12-15;2;1;21011;16;8;10.25.00;73,58;23,80;49,78;49,78
2025-12-15;2;1;21013;14;6;11.49.00;75,35;23,84;51,51;51,51
2025-12-15;2;1;21012;20;11;12.04.00;73,87;23,79;50,08;50,08
2025-12-15;2;1;21014;19;37;12.32.00;74,07;23,76;50,31;50,31
2025-12-15;2;1;21015;1;47;12.48.00;70,97;21,75;49,22;49,22
2025-12-15;2;1;21017;15;39;12.49.00;73,56;23,82;49,74;49,74
2025-12-15;2;1;21019;4;41;13.37.00;71,35;21,72;49,63;49,63
2025-12-15;2;1;21018;11;23;18.15.00;73,62;23,71;49,91;49,91
2025-12-15;2;1;21016;9;35;18.24.00;73,06;23,88;49,18;49,18
2025-12-15;2;1;21023;5;42;18.41.00;72,10;21,80;50,30;50,30
2025-12-15;2;1;21025;1;47;18.50.00;70,97;21,79;49,18;49,18
2025-12-15;2;2;21024;14;6;19.49.00;73,86;23,85;50,01;50,01
2025-12-15;2;2;21022;2;45;20.07.00;71,20;21,70;49,50;49,50
2025-12-15;2;2;21027;4;41;21.11.00;71,45;21,75;49,70;49,70
2025-12-16;2;1;21031;18;39;16.16.00;71,35;23,75;47,60;47,60
2025-12-16;2;1;21030;2;45;16.27.00;72,00;21,77;50,23;50,23
2025-12-16;2;1;21029;5;42;16.27.00;69,93;21,82;48,11;48,11
2025-12-16;2;1;21026;19;37;16.31.00;73,97;23,85;50,12;50,12
2025-12-16;2;1;21032;7;36;16.42.00;71,96;23,80;48,16;48,16
2025-12-16;2;1;21020;17;10;16.48.00;73,93;23,77;50,16;50,16
2025-12-16;2;1;21034;15;9;16.49.00;71,87;23,87;48,00;48,00
2025-12-16;2;1;21037;8;7;16.55.00;72,92;23,84;49,08;49,08
2025-12-16;2;1;21033;20;11;17.40.00;70,30;23,79;46,51;46,51
2025-12-16;2;1;21036;1;47;17.53.00;69,86;21,74;48,12;48,12
2025-12-17;2;1;21035;14;6;13.51.00;73,50;23,80;49,70;49,70
2025-12-17;2;1;21039;5;42;14.05.00;71,80;21,79;50,01;50,01
2025-12-17;2;1;21040;1;47;14.16.00;71,45;21,70;49,75;49,75
2025-12-17;2;1;21021;10;5;14.17.00;75,93;23,85;52,08;52,08
2025-12-17;2;1;21042;16;8;14.48.00;73,77;23,72;50,05;50,05
2025-12-17;2;1;21043;15;41;15.48.00;74,11;23,87;50,24;50,24
2025-12-17;2;1;21041;7;36;15.49.00;74,08;23,88;50,20;50,20
2025-12-17;2;1;21028;6;38;17.14.00;75,79;23,84;51,95;51,95
2025-12-17;2;1;21044;2;45;17.15.00;72,59;21,77;50,82;50,82
2025-12-17;2;1;21038;11;23;17.27.00;75,05;23,83;51,22;51,22
2025-12-17;2;1;21045;9;35;17.32.00;71,02;23,79;47,23;47,23
2025-12-17;2;1;21046;19;37;17.52.00;71,75;23,81;47,94;47,94
2025-12-17;2;1;21047;17;10;18.43.00;72,25;23,82;48,43;48,43
2025-12-17;2;1;21048;20;11;18.44.00;73,26;23,89;49,37;49,37
2025-12-17;2;2;21051;18;9;21.26.00;73,24;23,82;49,42;49,42
2025-12-17;2;2;21049;5;42;06.16.00;72,26;21,89;50,37;50,37
2025-12-17;2;2;21052;4;41;06.17.00;68,86;21,80;47,06;47,06
2025-12-19;2;1;21050;14;6;17.34.00;74,36;23,88;50,48;50,48
2025-12-19;2;1;21055;4;41;18.01.00;71,97;21,82;50,15;50,15
2025-12-19;2;1;21057;19;37;18.02.00;72,71;23,85;48,86;48,86
2025-12-19;2;2;21056;5;42;19.07.00;71,81;21,80;50,01;50,01
2025-12-19;2;2;21058;20;11;19.34.00;73,87;23,85;50,02;50,02
2025-12-19;2;2;21054;6;38;19.35.00;76,91;23,80;53,11;53,11
2025-12-19;2;2;21059;10;5;20.28.00;73,39;23,85;49,54;49,54
2025-12-19;2;2;21053;2;45;01.45.00;71,59;21,70;49,89;49,89
2025-12-22;2;1;21073;2;45;13.21.00;73,25;21,70;51,55;51,55
2025-12-22;2;1;21060;14;6;14.01.00;74,35;23,85;50,50;50,50
2025-12-22;2;1;21067;20;11;13.30.00;71,22;23,71;47,51;47,51
2025-12-22;2;1;21061;5;42;14.02.00;66,85;21,82;45,03;45,03
2025-12-22;2;1;21069;7;36;14.04.00;71,92;23,87;48,05;48,05
2025-12-22;2;1;21068;16;8;14.10.00;71,82;23,80;48,02;48,02
2025-12-22;2;1;21063;8;7;14.12.00;70,24;23,86;46,38;46,38
2025-12-22;2;1;21064;1;47;14.14.00;67,08;21,81;45,27;45,27
2025-12-22;2;1;21066;6;38;14.16.00;71,19;23,86;47,33;47,33
2025-12-22;2;1;21065;15;9;14.17.00;69,29;23,80;45,49;45,49
2025-12-22;2;1;21070;11;23;14.20.00;72,67;23,85;48,82;48,82
2025-12-22;2;1;21062;4;41;14.23.00;66,75;21,71;45,04;45,04
2025-12-22;2;1;21076;17;10;15.34.00;73,30;23,85;49,45;49,45
2025-12-22;2;1;21075;18;39;16.18.00;72,81;23,80;49,01;49,01
2025-12-22;2;1;21074;19;37;16.29.00;71,85;23,84;48,01;48,01
2025-12-23;2;1;21078;20;11;18.01.00;74,23;23,88;50,35;50,35
2025-12-23;2;1;21077;2;45;18.02.00;72,64;21,70;50,94;50,94
2025-12-23;2;2;21071;9;35;21.26.00;71,76;23,75;48,01;48,01
2025-12-23;2;2;21079;11;23;21.28.00;74,34;23,84;50,50;50,50
2025-12-23;2;2;21084;14;6;21.32.00;72,15;23,79;48,36;48,36
2025-12-23;2;2;21080;5;42;21.37.00;69,04;21,76;47,28;47,28
2025-12-23;2;2;21082;4;41;21.42.00;69,55;21,75;47,80;47,80
2025-12-23;2;2;21087;18;39;21.50.00;72,15;23,80;48,35;48,35
2025-12-23;2;2;21088;6;38;21.52.00;73,70;23,69;50,01;50,01
2025-12-23;2;2;21085;16;8;21.54.00;73,55;23,88;49,67;49,67
2025-12-23;2;2;21086;15;10;21.55.00;72,55;23,81;48,74;48,74
2025-12-23;2;2;21083;9;35;22.14.00;70,14;23,72;46,42;46,42
2025-12-23;2;2;21081;1;47;06.51.00;68,76;21,75;47,01;47,01
2025-12-24;2;1;21072;10;5;11.54.00;74,50;23,89;50,61;50,61
2025-12-26;2;1;21091;1;47;11.33.00;70,39;21,75;48,64;48,64
2025-12-26;2;1;21089;16;8;11.50.00;74,20;23,87;50,33;50,33
2025-12-26;2;1;21092;11;23;11.51.00;74,45;23,88;50,57;50,57
2025-12-26;2;1;21094;14;6;12.11.00;73,37;23,82;49,55;49,55
2025-12-26;2;1;21095;20;11;12.43.00;72,83;23,80;49,03;49,03
2025-12-26;2;1;21097;19;37;15.47.00;73,85;23,84;50,01;50,01
2025-12-26;2;1;21093;9;35;16.16.00;72,19;23,87;48,32;48,32
2025-12-26;2;1;21100;4;41;17.22.00;67,09;21,70;45,39;45,39
2025-12-26;2;1;21098;7;36;17.23.00;72,35;23,86;48,49;48,49
2025-12-26;2;1;21099;10;5;17.24.00;73,24;23,84;49,40;49,40
2025-12-26;2;1;21090;18;39;18.01.00;73,24;21,81;51,43;51,43
2025-12-26;2;1;21102;1;47;18.02.00;69,68;21,75;47,93;47,93
2025-12-26;2;2;21096;6;38;22.45.00;73,43;23,72;49,71;49,71
2025-12-27;2;1;21104;17;10;11.39.00;76,30;23,80;52,50;52,50
2025-12-28;2;1;21103;8;7;11.15.00;72,95;23,81;49,14;49,14
2025-12-28;2;1;21105;14;6;11.29.00;73,54;23,79;49,75;49,75
2025-12-28;2;1;21106;5;42;11.31.00;69,17;21,75;47,42;47,42
2025-12-28;2;1;21107;20;11;14.04.00;75,73;23,70;52,03;52,03
2025-12-28;2;1;21101;15;9;14.14.00;74,35;23,89;50,46;50,46
2025-12-28;2;1;21111;18;39;14.21.00;70,99;23,86;47,13;47,13
2025-12-28;2;1;21108;11;23;14.24.00;77,17;23,92;53,25;53,25
2025-12-28;2;1;21112;1;47;15.07.00;68,80;21,77;47,03;47,03
2025-12-28;2;2;21113;4;41;20.47.00;70,18;21,74;48,44;48,44
2025-12-28;2;2;21110;9;35;20.49.00;73,22;23,87;49,35;49,35
2025-12-28;2;2;21119;5;42;20.50.00;66,53;21,76;44,77;44,77
2025-12-28;2;2;21114;16;8;21.23.00;71,90;23,85;48,05;48,05
2025-12-28;2;2;21109;19;37;22.42.00;71,17;23,82;47,35;47,35
2025-12-28;2;2;21116;10;5;22.50.00;72,81;23,80;49,01;49,01
2025-12-28;2;2;21115;17;10;22.56.00;73,85;23,83;50,02;50,02
2025-12-28;2;2;21117;7;36;23.14.00;71,91;23,87;48,04;48,04
2025-12-28;2;2;21118;14;6;23.20.00;74,35;23,84;50,51;50,51
2025-12-28;2;2;21121;15;9;23.46.00;69,56;23,82;45,74;45,74
2025-12-28;2;2;21125;1;47;23.47.00;67,33;21,75;45,58;45,58
2025-12-28;2;2;21122;18;39;02.30.00;70,40;23,89;46,51;46,51
2025-12-29;2;1;21127;4;41;11.29.00;68,83;21,72;47,11;47,11
2025-12-29;2;1;21123;20;11;11.30.00;70,14;23,82;46,32;46,32
2025-12-29;2;1;21124;11;23;11.42.00;71,68;23,65;48,03;48,03
2025-12-29;2;1;21128;18;39;11.43.00;71,31;23,71;47,60;47,60
2025-12-29;2;1;21126;19;37;11.47.00;73,78;23,76;50,02;50,02
2025-12-29;2;1;21129;5;42;13.07.00;68,57;21,85;46,72;46,72
2025-12-29;2;1;21130;1;47;13.12.00;68,79;21,80;46,99;46,99
2025-12-29;2;1;21131;17;10;13.40.00;75,97;23,89;52,08;52,08
2025-12-29;2;1;21120;6;38;14.11.00;73,70;23,70;50,00;50,00
2025-12-29;2;1;21132;14;6;15.20.00;73,79;23,75;50,04;50,04
2025-12-29;2;1;21136;7;36;17.17.00;70,81;23,77;47,04;47,04
2025-12-29;2;1;21137;8;7;17.18.00;70,69;23,79;46,90;46,90
2025-12-29;2;1;21134;9;35;17.25.00;69,44;23,81;45,63;45,63
2025-12-29;2;1;21138;4;41;18.23.00;69,43;21,73;47,70;47,70
2025-12-29;2;2;21133;10;5;21.31.00;73,82;23,75;50,07;50,07
2025-12-30;2;2;21139;11;23;22.37.00;75,78;23,85;51,93;51,93
2026-01-04;2;2;21135;15;9;19.55.00;74,66;23,70;50,96;50,96
2026-01-04;2;2;21140;18;39;22.01.00;74,58;21,80;52,78;52,78
2026-01-16;2;1;21147;14;6;18.38.00;69,22;23,71;45,51;45,51
2026-01-16;2;1;21150;7;9;18.45.00;68,65;23,75;44,90;44,90
2026-01-16;2;1;21144;16;8;18.49.00;72,33;23,80;48,53;48,53
2026-01-16;2;2;21152;5;3;19.05.00;63,05;21,87;41,18;41,18
2026-01-16;2;2;21143;1;2;19.03.00;66,50;21,89;44,61;44,61
2026-01-16;2;2;21146;9;46;19.22.00;69,19;23,87;45,32;45,32
2026-01-16;2;2;21151;13;4;19.24.00;69,80;23,80;46,00;46,00
2026-01-16;2;2;21148;6;38;19.27.00;68,99;23,86;45,13;45,13
2026-01-16;2;2;21142;11;23;19.34.00;70,81;23,80;47,01;47,01
2026-01-16;2;2;21145;15;48;19.46.00;71,20;23,87;47,33;47,33
2026-01-16;2;2;21149;19;49;20.32.00;69,31;23,88;45,43;45,43
2026-01-17;2;1;21156;20;11;12.46.00;71,83;23,72;48,11;48,11
2026-01-17;2;1;21158;10;5;13.11.00;72,31;23,71;48,60;48,60
2026-01-17;2;1;21159;7;9;13.15.00;71,75;23,75;48,00;48,00
2026-01-17;2;1;21157;17;10;13.12.00;70,09;23,81;46,28;46,28
2026-01-17;2;1;21160;14;6;13.47.00;72,25;23,75;48,50;48,50
2026-01-17;2;1;21161;16;8;13.42.00;71,15;23,70;47,45;47,45
2026-01-17;2;1;21154;1;2;15.49.00;64,41;21,75;42,66;42,66
2026-01-17;2;1;21163;15;48;15.52.00;71,42;23,78;47,64;47,64
2026-01-17;2;1;21153;6;38;15.35.00;71,49;23,81;47,68;47,68
2026-01-17;2;1;21165;9;46;17.13.00;71,23;23,73;47,50;47,50
2026-01-17;2;1;21164;11;23;17.44.00;76,87;23,83;53,04;53,04
2026-01-17;2;1;21162;18;#N/A;17.47.00;72,27;23,83;48,44;48,44
2026-01-17;2;1;21155;13;4;17.49.00;70,00;23,75;46,25;46,25
2026-01-17;2;2;21166;8;7;19.20.00;71,22;23,87;47,35;47,35
2026-01-17;2;2;21169;7;9;21.01.00;72,97;23,82;49,15;49,15
2026-01-17;2;2;21167;10;5;20.58.00;71,90;23,78;48,12;48,12
2026-01-17;2;2;21168;17;10;20.59.00;71,85;23,75;48,10;48,10
2026-01-18;2;1;21172;18;39;11.21.00;72,49;23,78;48,71;48,71
2026-01-18;2;1;21173;2;3;15.17.00;63,73;21,80;41,93;41,93
2026-01-18;2;1;21175;9;46;15.29.00;69,97;23,87;46,10;46,10
2026-01-18;2;1;21174;19;49;15.31.00;68,70;23,85;44,85;44,85
2026-01-18;2;1;21176;15;48;15.33.00;69,85;23,84;46,01;46,01
2026-01-18;2;1;21170;6;38;15.43.00;73,81;23,80;50,01;50,01
2026-01-18;2;1;21177;11;23;17.21.00;73,99;23,88;50,11;50,11
2026-01-18;2;1;21178;13;4;17.23.00;70,78;23,82;46,96;46,96
2026-01-18;2;1;21179;18;39;18.48.00;73,49;23,85;49,64;49,64
2026-01-18;2;2;21180;14;6;20.05.00;73,93;23,72;50,21;50,21
2026-01-18;2;2;21182;20;11;21.24.00;72,70;23,70;49,00;49,00
2026-01-18;2;2;21181;7;9;22.21.00;74,01;23,76;50,25;50,25
2026-01-19;2;1;21189;18;39;08.27.00;74,25;23,87;50,38;50,38
2026-01-19;2;1;21190;16;8;11.17.00;72,92;23,82;49,10;49,10
2026-01-19;2;1;21186;9;46;12.01.00;70,81;23,80;47,01;47,01
2026-01-19;2;1;21188;19;49;12.02.00;70,93;23,84;47,09;47,09
2026-01-19;2;1;21187;15;48;12.03.00;70,84;23,83;47,01;47,01
2026-01-19;2;1;21185;2;3;12.05.00;67,61;21,81;45,80;45,80
2026-01-19;2;1;21191;20;6;13.01.00;72,90;23,85;49,05;49,05
2026-01-19;2;1;21192;14;11;13.04.00;75,05;23,84;51,21;51,21
2026-01-19;2;1;21183;17;10;16.01.00;71,00;23,85;47,15;47,15
2026-01-19;2;1;21196;7;9;16.02.00;75,50;23,86;51,64;51,64
2026-01-19;2;1;21197;10;5;16.03.00;74,83;23,80;51,03;51,03
2026-01-19;2;1;21184;6;38;16.04.00;71,19;23,82;47,37;47,37
2026-01-19;2;1;21193;8;7;16.22.00;75,14;23,86;51,28;51,28
2026-01-19;2;1;21195;11;23;16.29.00;75,60;23,85;51,75;51,75
2026-01-19;2;1;21194;13;4;16.31.00;74,84;23,82;51,02;51,02
2026-01-19;2;1;21198;16;8;17.48.00;76,24;23,87;52,37;52,37
2026-01-19;2;2;21171;1;2;19.15.00;69,08;21,76;47,32;47,32
2026-01-19;2;2;21199;14;6;20.03.00;75,24;23,70;51,54;51,54
2026-01-19;2;2;21200;18;39;06.40.00;76,37;23,87;52,50;52,50
2026-01-20;2;1;21208;1;2;12.01.00;71,19;21,84;49,35;49,35
2026-01-20;2;1;21205;7;9;12.03.00;76,58;23,81;52,77;52,77
2026-01-20;2;1;21204;10;5;12.05.00;77,92;23,86;54,06;54,06
2026-01-20;2;1;21206;17;10;12.06.00;75,62;23,81;51,81;51,81
2026-01-20;2;1;21203;19;46;13.01.00;73,19;23,82;49,37;49,37
2026-01-20;2;1;21202;15;48;13.02.00;71,57;23,83;47,74;47,74
2026-01-20;2;1;21211;6;38;17.01.00;76,71;23,80;52,91;52,91
2026-01-20;2;1;21212;8;7;18.29.00;71,80;23,80;48,00;48,00
2026-01-20;2;1;21213;16;8;18.30.00;74,06;23,84;50,22;50,22
2026-01-20;2;1;21214;7;9;18.44.00;74,07;23,85;50,22;50,22
2026-01-20;2;2;21207;11;23;20.48.00;77,95;23,84;54,11;54,11
2026-01-20;2;2;21209;20;11;06.29.00;76,92;23,70;53,22;53,22
2026-01-20;2;2;21216;10;5;06.46.00;76,48;23,78;52,70;52,70
2026-01-21;2;1;21218;14;6;08.09.00;75,21;23,85;51,36;51,36
2026-01-21;2;1;21217;1;2;08.40.00;68,85;21,84;47,01;47,01
2026-01-21;2;1;21210;18;39;12.48.00;75,84;23,82;52,02;52,02
2026-01-21;2;1;21201;9;46;12.49.00;76,70;23,84;52,86;52,86
2026-01-21;2;1;21220;20;11;13.13.00;73,56;23,85;49,71;49,71
2026-01-21;2;1;21221;11;23;14.43.00;74,42;23,86;50,56;50,56
2026-01-21;2;1;21222;19;4;14.45.00;71,60;23,80;47,80;47,80
2026-01-21;2;1;21224;10;5;16.30.00;72,15;23,83;48,32;48,32
2026-01-21;2;1;21215;17;10;16.32.00;74,81;23,80;51,01;51,01
2026-01-21;2;1;21225;14;6;17.00.00;72,42;23,81;48,61;48,61
2026-01-21;2;1;21227;16;8;17.29.00;73,45;23,86;49,59;49,59
2026-01-21;2;1;21228;8;7;18.03.00;72,88;23,87;49,01;49,01
2026-01-21;2;2;21226;1;2;05.27.00;69,25;21,26;47,99;47,99
2026-01-22;2;1;21230;2;3;11.45.00;70,58;21,85;48,73;48,73
2026-01-22;2;1;21229;9;46;12.01.00;72,00;23,84;48,16;48,16
2026-01-22;2;1;21219;15;48;12.03.00;73,94;23,83;50,11;50,11
2026-01-22;2;1;21223;6;38;12.32.00;71,46;23,80;47,66;47,66
2026-01-22;2;1;21234;10;5;12.36.00;74,83;23,82;51,01;51,01
2026-01-22;2;1;21231;11;23;14.22.00;75,49;23,85;51,64;51,64
2026-01-22;2;1;21232;19;4;14.25.00;72,80;23,80;49,00;49,00
2026-01-22;2;1;21237;1;2;15.25.00;67,39;21,84;45,55;45,55
2026-01-22;2;1;21236;20;11;15.37.00;75,90;23,82;52,08;52,08
2026-01-22;2;1;21235;8;7;15.43.00;74,68;23,87;50,81;50,81
2026-01-22;2;1;21238;14;6;17.00.00;74,00;23,85;50,15;50,15
2026-01-22;2;1;21233;7;9;17.20.00;73,86;23,84;50,02;50,02
2026-01-22;2;2;21239;6;38;21.52.00;74,45;23,85;50,60;50,60
2026-01-22;2;2;21240;10;5;22.04.00;74,77;23,75;51,02;51,02
2026-01-22;2;2;21242;11;23;22.06.00;75,06;23,84;51,22;51,22
2026-01-22;2;2;21245;20;11;00.49.00;78,77;23,70;55,07;55,07
2026-01-23;2;1;21244;1;2;09.03.00;68,98;21,81;47,17;47,17
2026-01-23;2;1;21241;9;46;09.06.00;73,81;23,80;50,01;50,01
2026-01-23;2;1;21243;19;4;09.09.00;75,20;23,84;51,36;51,36
2026-01-23;2;1;21247;14;6;11.28.00;74,65;23,83;50,82;50,82
2026-01-23;2;1;21248;18;39;12.16.00;75,25;23,86;51,39;51,39
2026-01-23;2;1;21250;10;5;13.39.00;76,53;23,87;52,66;52,66
2026-01-23;2;1;21252;8;7;17.21.00;71,25;23,85;47,40;47,40
2026-01-23;2;1;21251;20;11;17.23.00;75,25;23,84;51,41;51,41
2026-01-23;2;1;21253;11;23;18.23.00;77,55;23,86;53,69;53,69
2026-01-23;2;2;21255;14;6;19.10.00;73,72;23,70;50,02;50,02
2026-01-24;2;1;21259;18;39;07.20.00;73,95;23,75;50,20;50,20
2026-01-24;2;1;21254;1;2;12.00.00;70,97;21,80;49,17;49,17
2026-01-24;2;1;21257;19;4;12.06.00;72,03;23,72;48,31;48,31
2026-01-24;2;1;21249;15;48;12.05.00;73,82;23,77;50,05;50,05
2026-01-24;2;1;21256;9;46;12.02.00;69,42;23,72;45,70;45,70
2026-01-24;2;1;21265;18;39;14.52.00;75,32;23,75;51,57;51,57
2026-01-24;2;1;21263;14;6;14.57.00;76,00;23,78;52,22;52,22
2026-01-24;2;1;21260;20;11;14.54.00;76,63;23,87;52,76;52,76
2026-01-24;2;1;21258;10;5;14.59.00;76,63;23,79;52,84;52,84
2026-01-24;2;1;21261;6;38;15.00.00;76,15;23,75;52,40;52,40
2026-01-24;2;1;21264;8;7;15.02.00;74,90;23,82;51,08;51,08
2026-01-24;2;1;21246;2;3;18.59.00;69,58;21,83;47,75;47,75
2026-01-24;2;1;21262;11;23;18.33.00;77,18;23,76;53,42;53,42
2026-01-24;2;2;21267;10;5;22.04.00;76,96;23,84;53,12;53,12
2026-01-24;2;2;21270;11;23;06.14.00;75,87;23,85;52,02;52,02
2026-01-24;2;2;21268;19;4;06.16.00;73,89;23,86;50,03;50,03
2026-01-25;2;1;21266;1;2;09.48.00;71,53;21,81;49,72;49,72
2026-01-25;2;1;21269;9;46;09.50.00;72,58;23,76;48,82;48,82
2026-01-25;2;1;21271;14;6;11.05.00;77,51;23,77;53,74;53,74
2026-01-25;2;1;21272;18;39;14.40.00;76,57;23,80;52,77;52,77
2026-01-25;2;1;21275;13;24;16.03.00;75,39;23,88;51,51;51,51
2026-01-25;2;1;21274;20;11;16.18.00;77,39;23,74;53,65;53,65
2026-01-25;2;1;21278;10;5;16.21.00;75,07;23,80;51,27;51,27
2026-01-25;2;2;21282;14;6;19.03.00;74,16;23,83;50,33;50,33
2026-01-25;2;2;21276;3;12;21.09.00;67,53;21,80;45,73;45,73
2026-01-26;2;1;21283;11;23;10.13.00;75,23;23,81;51,42;51,42
2026-01-26;2;1;21279;1;2;10.47.00;68,41;21,70;46,71;46,71
2026-01-26;2;1;21280;9;46;10.48.00;73,74;23,77;49,97;49,97
2026-01-26;2;1;21273;15;48;10.48.00;77,01;23,85;53,16;53,16
2026-01-26;2;1;21277;2;3;11.06.00;71,51;21,81;49,70;49,70
2026-01-26;2;1;21281;19;4;11.08.00;74,16;23,75;50,41;50,41
2026-01-26;2;1;21287;20;11;15.59.00;75,26;23,75;51,51;51,51
2026-01-26;2;1;21284;3;12;15.53.00;69,40;21,81;47,59;47,59
2026-01-26;2;1;21289;8;7;17.20.00;73,75;23,70;50,05;50,05
2026-01-26;2;1;21285;17;9;17.25.00;61,95;23,80;38,15;38,15
2026-01-26;2;1;21288;14;6;17.28.00;74,15;23,75;50,40;50,40
2026-01-26;2;1;21295;10;5;18.25.00;74,03;23,79;50,24;50,24
2026-01-26;2;2;21286;6;38;01.37.00;74,67;23,78;50,89;50,89
2026-01-27;2;1;21290;18;39;12.49.00;74,52;23,79;50,73;50,73
2026-01-27;2;1;21291;11;23;13.11.00;73,81;23,75;50,06;50,06
2026-01-27;2;1;21292;2;3;13.48.00;72,31;21,80;50,51;50,51
2026-01-27;2;1;21294;19;4;13.52.00;71,02;23,82;47,20;47,20
2026-01-27;2;1;21298;14;6;14.29.00;72,56;23,74;48,82;48,82
2026-01-27;2;1;21299;1;2;14.37.00;69,29;21,88;47,41;47,41
2026-01-27;2;1;21293;15;48;14.42.00;70,25;23,83;46,42;46,42
2026-01-27;2;1;21296;9;46;14.47.00;69,71;23,70;46,01;46,01
2026-01-27;2;1;21300;4;24;15.41.00;68,70;21,70;47,00;47,00
2026-01-27;2;1;21301;6;38;16.07.00;73,49;23,81;49,68;49,68
2026-01-27;2;1;21297;3;12;16.49.00;68,71;21,87;46,84;46,84
2026-01-27;2;1;21304;10;5;18.14.00;75,03;23,86;51,17;51,17
2026-01-27;2;1;21302;17;9;18.16.00;64,95;23,73;41,22;41,22
2026-01-27;2;1;21303;8;7;18.37.00;74,32;23,77;50,55;50,55
2026-01-27;2;2;21305;18;39;20.12.00;73,66;23,78;49,88;49,88
2026-01-27;2;2;21306;14;6;22.56.00;74,88;23,84;51,04;51,04
2026-01-28;2;1;21311;4;24;16.03.00;70,79;23,74;47,05;47,05
2026-01-28;2;1;21312;3;12;16.05.00;69,04;21,79;47,25;47,25
2026-01-28;2;1;21307;2;3;16.06.00;71,70;21,70;50,00;50,00
2026-01-28;2;1;21313;11;23;17.37.00;73,88;23,80;50,08;50,08
2026-01-28;2;1;21315;10;5;17.48.00;75,98;23,83;52,15;52,15
2026-01-28;2;1;21314;6;38;17.49.00;75,08;23,78;51,30;51,30
2026-01-28;2;1;21317;18;39;18.44.00;74,80;23,77;51,03;51,03
2026-01-28;2;2;21308;1;2;19.55.00;69,36;21,78;47,58;47,58
2026-01-28;2;2;21309;9;46;19.58.00;73,07;23,79;49,28;49,28
2026-01-28;2;2;21318;19;4;20.00.00;74,26;23,89;50,37;50,37
2026-01-28;2;2;21316;17;9;20.06.00;73,87;23,81;50,06;50,06
2026-01-29;2;1;21320;14;6;07.56.00;75,57;23,85;51,72;51,72
2026-01-29;2;1;21319;20;11;09.38.00;74,83;23,72;51,11;51,11
2026-01-29;2;1;21322;8;7;12.06.00;70,28;23,54;46,74;46,74
2026-01-29;2;1;21323;4;24;12.15.00;68,18;23,61;44,57;44,57
2026-01-29;2;1;21321;18;39;12.48.00;70,70;23,73;46,97;46,97
2026-01-29;2;1;21326;6;38;12.54.00;72,97;23,69;49,28;49,28
2026-01-29;2;1;21325;17;9;12.57.00;73,23;23,64;49,59;49,59
2026-01-29;2;1;21327;3;12;13.19.00;68,85;23,75;45,10;45,10
2026-01-29;2;1;21324;1;2;13.43.00;67,59;21,71;45,88;45,88
2026-01-29;2;1;21310;15;48;13.41.00;73,45;23,62;49,83;49,83
2026-01-29;2;1;21330;14;6;17.21.00;74,81;23,79;51,02;51,02
2026-01-29;2;1;21333;10;5;18.46.00;76,40;23,67;52,73;52,73
2026-01-29;2;2;21385;17;9;22.30.00;76,01;23,78;52,23;52,23
2026-01-30;2;1;21336;1;2;09.44.00;71,19;21,72;49,47;49,47
2026-01-30;2;1;21328;9;46;09.49.00;71,41;23,81;47,60;47,60
2026-01-30;2;1;21329;19;4;09.51.00;71,06;23,75;47,31;47,31
2026-01-30;2;1;21334;18;39;10.08.00;76,90;23,76;53,14;53,14
2026-01-30;2;1;21332;4;24;11.27.00;69,57;21,80;47,77;47,77
2026-01-30;2;1;21341;14;6;12.31.00;75,58;23,76;51,82;51,82
2026-01-30;2;1;21337;17;9;12.51.00;76,45;23,85;52,60;52,60
2026-01-30;2;1;21339;8;7;12.46.00;74,36;23,70;50,66;50,66
2026-01-30;2;1;21331;20;11;12.43.00;75,33;23,70;51,63;51,63
2026-01-30;2;1;21340;10;5;11.40.00;76,35;23,82;52,53;52,53
2026-01-30;2;1;21338;3;12;11.31.00;70,48;21,83;48,65;48,65
2026-01-30;2;2;21343;18;39;19.17.00;75,56;23,84;51,72;51,72
2026-01-30;2;2;21350;8;7;19.46.00;76,11;23,80;52,31;52,31
2026-01-30;2;2;21347;4;24;19.58.00;70,44;21,70;48,74;48,74
2026-01-30;2;2;21346;2;3;20.02.00;71,87;21,77;50,10;50,10
2026-01-30;2;2;21349;3;12;20.04.00;69,98;21,71;48,27;48,27
2026-01-30;2;2;21351;10;5;21.24.00;77,30;23,83;53,47;53,47
2026-01-30;2;2;21353;17;9;21.47.00;76,49;23,80;52,69;52,69
2026-01-30;2;2;21344;1;2;23.01.00;71,64;21,80;49,84;49,84
2026-01-30;2;2;21354;20;11;23.02.00;76,40;23,81;52,59;52,59
2026-01-31;2;1;21356;2;3;17.33.00;70,93;21,73;49,20;49,20
2026-01-31;2;1;21358;3;12;17.31.00;70,93;21,72;49,21;49,21
2026-01-31;2;1;21357;4;24;17.29.00;72,39;21,78;50,61;50,61
2026-01-31;2;1;21355;6;38;17.23.00;76,09;23,87;52,22;52,22
2026-01-31;2;1;21352;11;23;18.30.00;76,53;23,74;52,79;52,79
2026-01-31;2;2;21360;1;2;19.08.00;71,04;21,23;49,81;49,81
2026-01-31;2;2;21348;19;4;19.11.00;76,23;23,72;52,51;52,51
2026-01-31;2;2;21345;9;46;19.13.00;72,55;23,75;48,80;48,80
2026-01-31;2;2;21342;15;48;19.16.00;73,16;23,71;49,45;49,45
2026-02-01;2;1;21363;10;5;09.45.00;78,36;23,73;54,63;54,63
2026-02-01;2;1;21361;14;6;09.40.00;76,94;23,72;53,22;53,22
2026-02-01;2;1;21364;6;38;10.36.00;74,14;23,74;50,40;50,40
2026-02-01;2;1;21369;20;11;11.42.00;73,06;23,76;49,30;49,30
2026-02-01;2;1;21368;4;24;11.43.00;69,65;21,75;47,90;47,90
2026-02-01;2;1;21365;2;3;11.50.00;72,16;21,86;50,30;50,30
2026-02-01;2;1;21366;3;12;11.52.00;69,47;21,81;47,66;47,66
2026-02-01;2;1;21367;7;9;12.51.00;73,15;23,75;49,40;49,40
2026-02-01;2;1;21373;11;23;13.00.00;74,45;23,78;50,67;50,67
2026-02-01;2;1;21374;17;10;13.34.00;73,48;23,83;49,65;49,65
2026-02-01;2;1;21371;1;2;13.40.00;68,40;21,82;46,58;46,58
2026-02-01;2;1;21372;9;46;13.45.00;71,88;23,84;48,04;48,04
2026-02-01;2;1;21370;19;4;13.59.00;72,18;23,82;48,36;48,36
2026-02-01;2;1;21375;16;8;14.59.00;76,22;23,74;52,48;52,48
2026-02-01;2;1;21376;8;7;18.30.00;74,49;23,81;50,68;50,68
2026-02-01;2;1;21379;10;5;18.41.00;75,98;23,76;52,22;52,22
2026-02-01;2;2;21380;4;24;19.10.00;71,74;21,70;50,04;50,04
2026-02-01;2;2;21381;3;12;19.15.00;72,58;21,84;50,74;50,74
2026-02-01;2;2;21362;7;9;23.21.00;75,80;23,78;52,02;52,02
2026-02-01;2;2;21384;17;10;23.24.00;76,84;23,77;53,07;53,07
2026-02-01;2;2;21383;11;23;23.46.00;77,76;23,75;54,01;54,01
2026-02-02;2;2;21377;14;6;19.48.00;77,76;23,74;54,02;54,02
2026-02-02;2;2;21390;4;24;20.14.00;77,02;21,88;55,14;55,14
2026-02-02;2;2;21389;3;12;20.17.00;77,93;21,79;56,14;56,14
2026-02-02;2;2;21382;2;3;20.19.00;74,41;21,82;52,59;52,59
2026-02-02;2;2;21394;17;10;22.03.00;78,16;23,75;54,41;54,41
2026-02-02;2;2;21393;7;9;22.05.00;79,76;23,80;55,96;55,96
2026-02-02;2;2;21392;10;5;22.07.00;78,98;23,78;55,20;55,20
2026-02-02;2;2;21391;11;23;00.38.00;80,00;23,82;56,18;56,18
2026-02-02;2;2;21388;19;4;00.40.00;79,21;23,81;55,40;55,40
2026-02-03;2;1;21386;1;2;08.03.00;74,37;21,84;52,53;52,53
2026-02-03;2;1;21398;3;12;12.31.00;71,14;21,80;49,34;49,34
2026-02-03;2;1;21400;4;24;12.41.00;70,25;21,75;48,50;48,50
2026-02-03;2;1;21387;9;46;12.42.00;76,25;23,85;52,40;52,40
2026-02-03;2;1;21396;10;5;13.39.00;76,60;23,86;52,74;52,74
2026-02-03;2;1;21399;7;9;14.02.00;76,13;23,83;52,30;52,30
2026-02-03;2;1;21395;17;10;14.03.00;76,29;23,81;52,48;52,48
2026-02-03;2;1;21401;16;8;14.15.00;79,94;23,84;56,10;56,10
2026-02-03;2;1;21397;8;7;14.16.00;76,43;23,83;52,60;52,60
2026-02-03;2;1;21404;1;2;15.12.00;71,83;21,80;50,03;50,03
2026-02-03;2;1;21378;6;38;15.22.00;77,74;23,80;53,94;53,94
2026-02-03;2;1;21406;20;11;16.40.00;76,56;23,81;52,75;52,75
2026-02-03;2;1;21405;14;6;16.41.00;79,59;23,85;55,74;55,74
2026-02-03;2;1;21402;11;23;17.01.00;79,67;23,82;55,85;55,85
2026-02-03;2;1;21403;19;4;17.02.00;76,46;23,81;52,65;52,65
2026-02-03;2;2;21407;3;12;20.48.00;74,82;21,79;53,03;53,03
2026-02-03;2;2;21408;4;24;20.49.00;73,87;21,75;52,12;52,12
2026-02-03;2;2;21411;10;5;23.00.00;80,00;23,85;56,15;56,15
2026-02-04;2;2;21413;16;8;19.25.00;77,60;23,70;53,90;53,90
2026-02-04;2;2;21418;17;10;20.10.00;80,31;23,76;56,55;56,55
2026-02-04;2;2;21420;20;11;20.13.00;79,98;21,85;58,13;58,13
2026-02-04;2;2;21419;6;38;20.14.00;80,31;21,89;58,42;58,42
2026-02-04;2;2;21410;2;3;20.20.00;77,93;21,83;56,10;56,10
2026-02-04;2;2;21417;7;5;21.14.00;80,56;23,83;56,73;56,73
2026-02-04;2;2;21415;3;12;20.12.00;76,61;21,80;54,81;54,81
2026-02-04;2;2;21414;4;24;20.10.00;75,29;21,82;53,47;53,47
2026-02-04;2;2;21412;1;2;20.05.00;73,76;21,75;52,01;52,01
2026-02-04;2;2;21416;10;5;19.41.00;80,58;23,86;56,72;56,72
2026-02-04;2;2;21422;11;23;01.44.00;79,29;23,78;55,51;55,51
2026-02-04;2;2;21421;19;4;01.50.00;73,08;23,78;49,30;49,30
2026-02-05;2;1;21424;17;10;14.01.00;80,95;23,85;57,10;57,10
2026-02-05;2;1;21428;4;24;14.09.00;79,62;21,80;57,82;57,82
2026-02-05;2;1;21425;7;9;14.02.00;80,95;23,82;57,13;57,13
2026-02-05;2;1;21427;3;12;14.11.00;78,75;21,85;56,90;56,90
2026-02-05;2;1;21434;10;5;14.31.00;78,75;23,80;54,95;54,95
2026-02-05;2;1;21426;1;2;14.50.00;76,53;21,81;54,72;54,72
2026-02-05;2;1;21432;18;13;14.51.00;74,23;21,85;52,38;52,38
2026-02-05;2;1;21435;14;6;15.22.00;75,01;23,81;51,20;51,20
2026-02-05;2;1;21433;16;8;15.23.00;75,60;23,85;51,75;51,75
2026-02-05;2;1;21431;6;38;17.01.00;80,99;23,80;57,19;57,19
2026-02-05;2;1;21430;20;11;17.02.00;80,99;23,80;57,19;57,19
2026-02-05;2;1;21436;8;7;17.23.00;74,84;23,82;51,02;51,02
2026-02-06;2;1;21438;4;24;12.52.00;71,95;21,80;50,15;50,15
2026-02-06;2;1;21439;3;12;12.55.00;71,23;21,82;49,41;49,41
2026-02-06;2;1;21437;7;9;15.01.00;79,02;23,82;55,20;55,20
2026-02-06;2;1;21441;17;10;16.10.00;77,91;23,81;54,10;54,10
2026-02-06;2;1;21443;18;13;16.11.00;72,26;21,85;50,41;50,41
2026-02-06;2;1;21442;1;2;18.06.00;72,08;21,82;50,26;50,26
2026-02-06;2;1;21423;19;4;18.08.00;80,99;23,80;57,19;57,19
2026-02-06;2;1;21444;11;23;18.10.00;72,26;23,83;48,43;48,43
2026-02-06;2;2;21445;20;11;19.18.00;74,85;23,79;51,06;51,06
2026-02-06;2;2;21440;10;5;02.34.00;77,77;23,75;54,02;54,02
2026-02-07;2;2;21453;10;5;22.01.00;74,25;23,84;50,41;50,41
2026-02-07;2;2;21447;7;9;22.02.00;78,15;23,82;54,33;54,33
2026-02-07;2;2;21455;4;24;22.51.00;69,35;21,80;47,55;47,55
2026-02-07;2;2;21452;3;12;22.53.00;70,52;21,81;48,71;48,71
2026-02-07;2;2;21448;2;3;22.55.00;72,54;21,83;50,71;50,71
2026-02-07;2;2;21450;8;7;23.04.00;73,36;23,84;49,52;49,52
2026-02-07;2;2;21457;1;2;03.21.00;70,06;21,80;48,26;48,26
2026-02-08;2;1;21446;14;6;07.38.00;78,26;23,82;54,44;54,44
2026-02-08;2;1;21458;11;23;10.31.00;73,00;23,82;49,18;49,18
2026-02-08;2;1;21449;20;11;10.33.00;76,17;23,85;52,32;52,32
2026-02-08;2;1;21454;6;38;12.55.00;74,67;23,83;50,84;50,84
2026-02-08;2;1;21456;18;13;13.05.00;73,88;23,83;50,05;50,05
2026-02-08;2;1;21462;1;2;13.15.00;71,22;21,87;49,35;49,35
2026-02-08;2;1;21451;16;8;15.00.00;74,36;23,86;50,50;50,50
2026-02-08;2;1;21464;17;10;15.15.00;75,27;23,75;51,52;51,52
2026-02-08;2;1;21463;8;7;16.05.00;73,43;23,78;49,65;49,65
2026-02-08;2;1;21468;7;9;16.40.00;74,97;23,84;51,13;51,13
2026-02-08;2;1;21460;3;12;16.45.00;72,61;21,83;50,78;50,78
2026-02-08;2;1;21461;4;24;16.42.00;70,89;21,85;49,04;49,04
2026-02-08;2;1;21465;10;5;16.41.00;74,20;23,81;50,39;50,39
2026-02-08;2;1;21459;2;3;16.47.00;70,41;21,79;48,62;48,62
2026-02-08;2;2;21470;15;14;21.01.00;75,24;23,81;51,43;51,43
2026-02-08;2;2;21467;19;4;21.02.00;73,65;23,80;49,85;49,85
2026-02-09;2;1;21471;16;8;07.40.00;76,02;23,78;52,24;52,24
2026-02-09;2;1;21473;18;13;07.42.00;72,19;23,84;48,35;48,35
2026-02-09;2;1;21474;17;10;10.14.00;75,09;23,77;51,32;51,32
2026-02-09;2;1;21472;20;11;10.28.00;77,40;23,80;53,60;53,60
2026-02-09;2;1;21475;7;9;11.07.00;76,03;23,88;52,15;52,15
2026-02-09;2;1;21476;4;24;12.10.00;70,97;21,86;49,11;49,11
2026-02-09;2;1;21477;2;3;12.15.00;71,00;21,86;49,14;49,14
2026-02-09;2;1;21478;3;12;12.19.00;70,28;21,87;48,41;48,41
2026-02-09;2;1;21480;15;14;12.48.00;73,13;23,85;49,28;49,28
2026-02-09;2;1;21479;19;4;12.53.00;73,86;23,84;50,02;50,02
2026-02-09;2;1;21481;18;13;13.05.00;72,09;23,74;48,35;48,35
2026-02-09;2;1;21466;14;6;15.40.00;76,98;23,70;53,28;53,28
2026-02-09;2;1;21484;16;8;16.43.00;75,87;23,83;52,04;52,04
2026-02-09;2;1;21483;17;10;18.11.00;78,31;23,89;54,42;54,42
2026-02-09;2;2;21485;20;11;19.01.00;77,35;23,81;53,54;53,54
2026-02-09;2;2;21488;8;7;19.05.00;74,11;23,85;50,26;50,26
2026-02-09;2;2;21489;7;9;20.33.00;76,39;23,84;52,55;52,55
2026-02-09;2;2;21491;10;5;20.34.00;76,60;23,82;52,78;52,78
2026-02-09;2;2;21486;4;24;21.01.00;70,71;21,80;48,91;48,91
2026-02-09;2;2;21487;3;12;21.02.00;71,56;21,82;49,74;49,74
2026-02-09;2;2;21482;1;2;23.01.00;67,21;21,80;45,41;45,41
2026-02-09;2;2;21492;15;14;00.01.00;74,48;23,83;50,65;50,65
2026-02-09;2;2;21493;19;4;00.04.00;75,15;23,86;51,29;51,29
2026-02-09;2;2;21490;9;3;00.06.00;75,02;23,88;51,14;51,14
2026-02-10;2;1;21498;16;8;12.08.00;73,49;23,70;49,79;49,79
2026-02-10;2;1;21496;14;6;12.34.00;75,29;23,78;51,51;51,51
2026-02-10;2;1;21497;7;9;13.07.00;75,00;23,84;51,16;51,16
2026-02-10;2;1;21500;20;11;13.09.00;73,46;23,82;49,64;49,64
2026-02-10;2;1;21495;3;12;13.14.00;71,86;21,79;50,07;50,07
2026-02-10;2;1;21494;4;24;13.15.00;71,31;21,80;49,51;49,51
2026-02-10;2;1;21499;17;10;14.34.00;73,98;23,79;50,19;50,19
2026-02-10;2;1;21501;1;2;16.25.00;71,74;21,74;50,00;50,00
2026-02-10;2;1;21504;8;7;16.28.00;74,88;23,86;51,02;51,02
2026-02-10;2;1;21469;11;23;18.31.00;76,39;23,89;52,50;52,50
2026-02-10;2;1;21503;19;4;18.32.00;74,99;23,86;51,13;51,13
2026-02-10;2;2;21502;15;14;19.36.00;75,23;23,82;51,41;51,41
2026-02-10;2;2;21505;9;3;19.38.00;76,55;23,85;52,70;52,70
2026-02-10;2;2;21506;18;13;21.16.00;75,02;23,81;51,21;51,21
2026-02-10;2;2;21507;3;12;22.44.00;71,09;21,80;49,29;49,29
2026-02-10;2;2;21508;4;24;04.42.00;71,22;21,80;49,42;49,42
2026-02-11;2;1;21509;7;9;12.50.00;75,17;23,70;51,47;51,47
2026-02-11;2;1;21510;20;11;13.55.00;75,39;23,70;51,69;51,69
2026-02-13;2;1;21514;16;8;16.04.00;79,06;23,85;55,21;55,21
2026-02-13;2;1;21511;8;7;16.17.00;74,29;23,77;50,52;50,52
2026-02-13;2;1;21513;15;14;17.44.00;76,36;23,75;52,61;52,61
2026-02-13;2;1;21515;9;3;17.46.00;80,00;23,85;56,15;56,15
2026-02-13;2;1;21517;17;10;17.49.00;80,00;23,80;56,20;56,20
2026-02-13;2;1;21516;18;13;17.51.00;73,36;23,74;49,62;49,62
2026-02-13;2;1;21518;14;6;18.11.00;79,15;23,89;55,26;55,26
2026-02-13;2;2;21520;7;9;19.27.00;75,82;23,80;52,02;52,02
2026-02-13;2;2;21523;3;12;20.57.00;69,88;21,84;48,04;48,04
2026-02-13;2;2;21521;4;24;20.59.00;71,64;21,80;49,84;49,84
2026-02-13;2;2;21522;19;4;21.01.00;76,50;23,81;52,69;52,69
2026-02-14;2;1;21519;20;11;15.21.00;78,74;23,72;55,02;55,02
2026-02-14;2;1;21525;15;14;15.16.00;75,18;23,78;51,40;51,40
2026-02-14;2;1;21512;1;2;15.25.00;73,03;21,83;51,20;51,20
2026-02-14;2;1;21527;16;8;15.51.00;71,42;23,82;47,60;47,60
2026-02-14;2;1;21528;14;6;15.59.00;74,18;23,82;50,36;50,36
2026-02-14;2;1;21533;18;13;17.51.00;70,02;23,72;46,30;46,30
2026-02-14;2;1;21524;9;3;17.55.00;73,95;23,81;50,14;50,14
2026-02-14;2;1;21530;4;24;17.52.00;68,63;21,75;46,88;46,88
2026-02-14;2;1;21532;3;12;17.52.00;69,88;21,85;48,03;48,03
2026-02-14;2;1;21526;11;23;18.31.00;75,50;23,81;51,69;51,69
2026-02-14;2;1;21529;19;4;18.35.00;73,42;23,80;49,62;49,62
2026-02-14;2;1;21534;7;9;18.38.00;74,57;23,75;50,82;50,82
2026-02-15;2;1;21536;9;3;11.02.00;76,75;23,82;52,93;52,93
2026-02-15;2;1;21537;1;2;11.06.00;72,53;21,84;50,69;50,69
2026-02-15;2;1;21538;15;14;11.19.00;74,35;23,84;50,51;50,51
2026-02-15;2;1;21540;20;11;11.27.00;75,65;23,82;51,83;51,83
2026-02-15;2;1;21539;3;12;11.29.00;70,52;21,83;48,69;48,69
2026-02-15;2;1;21535;10;5;15.01.00;77,51;23,85;53,66;53,66
2026-02-15;2;1;21543;6;24;16.47.00;76,65;23,85;52,80;52,80
2026-02-15;2;1;21541;19;4;16.48.00;76,34;23,82;52,52;52,52
2026-02-15;2;1;21545;8;7;16.50.00;75,95;23,84;52,11;52,11
2026-02-15;2;1;21544;14;6;16.52.00;77,58;23,83;53,75;53,75
2026-02-15;2;1;21547;16;8;18.49.00;77,77;23,81;53,96;53,96
2026-02-15;2;2;21542;7;9;19.01.00;77,13;23,81;53,32;53,32
2026-02-15;2;2;21548;1;2;20.13.00;73,83;21,89;51,94;51,94
2026-02-16;2;1;21549;15;14;12.45.00;76,97;23,82;53,15;53,15
2026-02-16;2;1;21555;10;5;15.01.00;79,11;23,84;55,27;55,27
2026-02-16;2;1;21554;7;9;15.02.00;78,88;23,84;55,04;55,04
2026-02-16;2;1;21546;18;13;15.03.00;76,17;23,83;52,34;52,34
2026-02-16;2;1;21552;20;11;16.25.00;81,99;23,84;58,15;58,15
2026-02-16;2;1;21556;6;24;17.01.00;78,95;23,82;55,13;55,13
2026-02-16;2;1;21550;3;12;17.02.00;74,21;21,85;52,36;52,36
2026-02-16;2;1;21553;19;4;17.03.00;77,10;23,83;53,27;53,27
2026-02-16;2;1;21551;9;3;17.04.00;78,30;23,85;54,45;54,45
2026-02-16;2;1;21558;14;6;17.19.00;78,24;23,85;54,39;54,39
2026-02-16;2;1;21559;8;7;18.40.00;79,02;23,86;55,16;55,16
2026-02-16;2;1;21560;5;19;18.41.00;73,44;21,85;51,59;51,59
2026-02-16;2;2;21557;1;2;19.20.00;74,99;21,23;53,76;53,76
2026-02-17;2;1;21531;17;10;10.23.00;74,90;23,80;51,10;51,10
2026-02-17;2;1;21564;6;24;11.01.00;74,41;23,82;50,59;50,59
2026-02-17;2;1;21561;15;14;12.01.00;78,08;23,80;54,28;54,28
2026-02-17;2;1;21570;3;12;13.22.00;70,29;21,85;48,44;48,44
2026-02-17;2;1;21571;7;9;14.01.00;77,67;23,85;53,82;53,82
2026-02-17;2;1;21563;18;13;14.09.00;76,98;23,86;53,12;53,12
2026-02-17;2;1;21569;20;11;15.16.00;74,84;23,83;51,01;51,01
2026-02-17;2;1;21572;14;6;15.19.00;76,34;23,86;52,48;52,48
2026-02-17;2;1;21565;1;2;15.24.00;69,39;21,82;47,57;47,57
2026-02-17;2;1;21566;9;3;15.25.00;73,85;23,83;50,02;50,02
2026-02-17;2;1;21568;19;4;15.26.00;73,32;23,85;49,47;49,47
2026-02-17;2;1;21567;11;23;15.27.00;74,24;23,86;50,38;50,38
2026-02-17;2;1;21573;8;7;17.10.00;73,15;23,87;49,28;49,28
2026-02-17;2;1;21575;5;19;18.01.00;68,86;21,85;47,01;47,01
2026-02-17;2;1;21574;6;24;18.32.00;75,29;23,85;51,44;51,44
2026-02-17;2;2;21577;15;14;19.20.00;75,08;23,83;51,25;51,25
2026-02-17;2;2;21578;3;12;21.18.00;72,25;21,80;50,45;50,45
2026-02-18;2;1;21581;1;2;09.44.00;71,10;21,80;49,30;49,30
2026-02-18;2;1;21582;6;24;11.08.00;76,11;21,78;54,33;54,33
2026-02-18;2;1;21584;14;6;12.51.00;77,02;23,81;53,21;53,21
2026-02-18;2;1;21585;9;3;13.18.00;75,08;23,84;51,24;51,24
2026-02-18;2;1;21587;8;7;13.35.00;75,86;23,86;52,00;52,00
2026-02-18;2;1;21588;3;12;13.41.00;71,93;21,84;50,09;50,09
2026-02-18;2;1;21562;10;5;14.03.00;78,57;23,85;54,72;54,72
2026-02-18;2;1;21576;17;10;14.05.00;75,71;23,82;51,89;51,89
2026-02-18;2;1;21579;7;9;14.07.00;76,03;23,79;52,24;52,24
2026-02-18;2;1;21586;4;15;14.09.00;72,13;21,82;50,31;50,31
2026-02-18;2;1;21589;5;19;14.15.00;72,18;21,83;50,35;50,35
2026-02-18;2;1;21590;18;13;14.48.00;75,74;23,72;52,02;52,02
2026-02-18;2;1;21583;20;11;14.49.00;76,52;23,82;52,70;52,70
2026-02-18;2;1;21580;11;23;14.54.00;76,89;23,81;53,08;53,08
2026-02-18;2;1;21593;16;8;18.22.00;75,47;23,76;51,71;51,71
2026-02-18;2;2;21594;3;12;21.04.00;72,18;21,87;50,31;50,31
2026-02-18;2;2;21592;6;24;21.06.00;75,92;23,84;52,08;52,08
2026-02-19;2;1;21596;14;6;07.07.00;75,43;23,80;51,63;51,63
2026-02-19;2;1;21595;9;3;08.26.00;76,89;23,84;53,05;53,05
2026-02-19;2;1;21598;18;13;10.40.00;76,20;23,85;52,35;52,35
2026-02-19;2;1;21600;4;15;11.04.00;69,54;21,86;47,68;47,68
2026-02-19;2;1;21591;1;2;11.05.00;69,49;21,84;47,65;47,65
2026-02-19;2;1;21603;16;8;11.10.00;74,04;23,87;50,17;50,17
2026-02-19;2;1;21602;3;12;12.01.00;68,35;21,84;46,51;46,51
2026-02-19;2;1;21601;6;24;12.05.00;75,05;23,86;51,19;51,19
2026-02-19;2;1;21597;7;9;13.39.00;76,29;23,82;52,47;52,47
2026-02-19;2;1;21604;5;19;14.01.00;74,57;21,85;52,72;52,72
2026-02-19;2;1;21599;11;23;16.25.00;76,73;23,82;52,91;52,91
2026-02-19;2;1;21610;16;8;17.30.00;77,19;23,85;53,34;53,34
2026-02-19;2;1;21606;17;10;18.01.00;79,10;23,85;55,25;55,25
2026-02-19;2;1;21608;18;13;18.02.00;81,88;23,84;58,04;58,04
2026-02-19;2;1;21611;15;14;18.03.00;78,15;23,86;54,29;54,29
2026-02-19;2;1;21607;1;2;18.05.00;72,66;21,85;50,81;50,81
2026-02-19;2;1;21612;14;6;18.12.00;79,66;23,85;55,81;55,81
2026-02-19;2;2;21609;4;15;19.42.00;75,83;21,79;54,04;54,04
2026-02-19;2;2;21613;19;4;19.44.00;80,00;23,80;56,20;56,20
2026-02-19;2;2;21618;3;12;22.45.00;80,00;21,89;58,11;58,11
2026-02-20;2;1;21621;16;8;11.35.00;81,88;23,85;58,03;58,03
2026-02-20;2;1;21619;15;14;11.36.00;81,88;23,84;58,04;58,04
2026-02-20;2;1;21605;9;3;11.37.00;77,94;23,84;54,10;54,10
2026-02-20;2;1;21620;19;4;11.38.00;81,88;23,85;58,03;58,03
2026-02-20;2;1;21622;4;15;13.39.00;80,88;21,86;59,02;59,02
2026-02-20;2;1;21624;3;12;14.29.00;78,95;21,85;57,10;57,10
2026-02-20;2;1;21617;6;24;14.31.00;81,88;23,85;58,03;58,03
2026-02-20;2;1;21623;5;19;17.01.00;80,88;21,81;59,07;59,07
2026-02-20;2;1;21616;7;9;18.29.00;81,88;23,84;58,04;58,04
2026-02-20;2;1;21627;17;10;18.36.00;77,45;23,85;53,60;53,60
2026-02-20;2;1;21626;14;6;18.34.00;81,88;23,83;58,05;58,05
2026-02-20;2;1;21625;18;13;18.38.00;78,85;23,82;55,03;55,03
2026-02-20;2;1;21614;10;5;18.39.00;81,88;23,84;58,04;58,04
2026-02-20;2;2;21629;1;2;20.11.00;70,58;21,85;48,73;48,73
2026-02-22;2;1;21628;9;3;09.26.00;78,89;23,85;55,04;55,04
2026-02-22;2;1;21630;19;4;12.07.00;78,36;23,78;54,58;54,58
2026-02-22;2;1;21631;3;12;12.21.00;73,89;21,84;52,05;52,05
2026-02-22;2;1;21632;6;24;12.23.00;77,22;23,77;53,45;53,45
2026-02-22;2;1;21633;1;2;12.25.00;74,73;21,80;52,93;52,93
2026-02-22;2;1;21636;10;5;12.26.00;77,31;23,88;53,43;53,43
2026-02-22;2;1;21635;17;10;13.20.00;79,30;23,89;55,41;55,41
2026-02-22;2;1;21637;15;14;13.22.00;76,37;23,75;52,62;52,62
2026-02-22;2;1;21639;16;8;13.24.00;77,04;23,81;53,23;53,23
2026-02-22;2;1;21634;4;15;13.26.00;74,54;21,79;52,75;52,75
2026-02-22;2;1;21615;20;11;13.48.00;82,80;23,79;59,01;59,01
2026-02-22;2;1;21640;18;13;13.49.00;77,50;23,72;53,78;53,78
2026-02-22;2;1;21638;14;6;14.10.00;77,94;23,84;54,10;54,10
2026-02-22;2;1;21642;7;9;14.34.00;75,61;23,76;51,85;51,85
2026-02-22;2;1;21644;9;3;15.51.00;77,14;23,71;53,43;53,43
2026-02-22;2;1;21643;8;7;16.07.00;75,02;23,83;51,19;51,19
2026-02-22;2;1;21641;5;19;16.09.00;73,43;21,87;51,56;51,56
2026-02-22;2;2;21646;3;12;21.38.00;73,40;21,80;51,60;51,60
2026-02-22;2;2;21647;6;24;21.40.00;76,85;23,75;53,10;53,10
2026-02-22;2;2;21645;15;14;21.43.00;77,23;23,78;53,45;53,45
2026-02-22;2;2;21650;7;9;21.50.00;77,79;23,70;54,09;54,09
2026-02-24;2;1;21652;1;2;12.44.00;73,89;21,80;52,09;52,09
2026-02-24;2;1;21654;11;23;13.26.00;77,05;23,84;53,21;53,21
2026-02-24;2;1;21648;20;11;13.27.00;78,10;23,89;54,21;54,21
2026-02-24;2;1;21649;14;6;13.35.00;78,21;23,79;54,42;54,42
2026-02-24;2;1;21651;18;13;14.04.00;76,76;23,82;52,94;52,94
2026-02-24;2;1;21655;4;15;15.02.00;73,50;21,85;51,65;51,65
2026-02-24;2;1;21656;6;24;15.07.00;78,54;23,82;54,72;54,72
2026-02-24;2;1;21657;19;4;15.09.00;78,18;23,79;54,39;54,39
2026-02-24;2;1;21658;5;19;15.27.00;71,39;21,85;49,54;49,54
2026-02-24;2;1;21660;10;5;16.15.00;77,20;23,75;53,45;53,45
2026-02-24;2;1;21659;3;12;16.27.00;71,84;21,76;50,08;50,08
2026-02-24;2;2;21661;7;9;19.09.00;78,76;23,74;55,02;55,02
2026-02-24;2;2;21662;15;14;22.40.00;78,64;23,80;54,84;54,84
2026-02-25;2;1;21663;1;2;11.16.00;72,07;21,87;50,20;50,20
2026-02-25;2;1;21665;6;24;12.06.00;76,98;23,84;53,14;53,14
2026-02-25;2;1;21667;11;23;14.10.00;76,38;23,76;52,62;52,62
2026-02-25;2;1;21668;14;6;14.43.00;79,44;23,89;55,55;55,55
2026-02-25;2;1;21669;7;9;15.17.00;82,89;23,78;59,11;59,11
2026-02-25;2;1;21653;16;8;18.06.00;76,90;23,80;53,10;53,10
2026-02-25;2;2;21672;6;24;19.50.00;78,92;23,75;55,17;55,17
2026-02-25;2;2;21670;1;2;19.51.00;73,88;21,78;52,10;52,10
2026-02-25;2;2;21666;15;14;21.24.00;81,88;23,82;58,06;58,06
2026-02-26;2;1;21671;5;19;13.24.00;74,19;21,89;52,30;52,30
2026-02-26;2;1;21664;4;15;13.48.00;73,21;21,83;51,38;51,38
2026-03-01;2;1;21677;20;11;13.01.00;76,35;23,80;52,55;52,55
2026-03-01;2;1;21674;15;14;13.02.00;76,58;23,82;52,76;52,76
2026-03-01;2;1;21673;3;12;13.05.00;71,55;21,81;49,74;49,74
2026-03-01;2;1;21678;6;24;13.06.00;74,66;23,82;50,84;50,84
2026-03-01;2;1;21682;10;5;13.07.00;77,09;23,85;53,24;53,24
2026-03-01;2;1;21679;9;3;13.10.00;73,54;23,80;49,74;49,74
2026-03-01;2;1;21684;16;8;13.11.00;75,43;23,86;51,57;51,57
2026-03-01;2;1;21681;18;13;13.12.00;71,90;23,82;48,08;48,08
2026-03-01;2;1;21687;7;9;13.32.00;77,65;23,80;53,85;53,85
2026-03-01;2;1;21685;8;7;13.39.00;71,53;23,84;47,69;47,69
2026-03-01;2;1;21680;5;19;13.40.00;69,15;21,80;47,35;47,35
2026-03-01;2;1;21686;19;4;13.41.00;74,36;23,82;50,54;50,54
2026-03-01;2;1;21675;14;6;14.25.00;75,07;23,83;51,24;51,24
2026-03-01;2;1;21688;11;23;14.35.00;74,42;23,81;50,61;50,61
2026-03-01;2;1;21689;4;2;14.36.00;72,21;21,81;50,40;50,40
2026-03-01;2;1;21683;17;10;15.23.00;73,74;23,70;50,04;50,04
2026-03-01;2;2;21691;7;9;19.21.00;78,62;23,72;54,90;54,90
2026-03-01;2;2;21692;9;3;19.27.00;82,46;23,85;58,61;58,61
2026-03-01;2;2;21694;3;12;20.30.00;73,74;21,79;51,95;51,95
2026-03-01;2;2;21696;8;7;20.48.00;76,24;23,82;52,42;52,42
2026-03-01;2;2;21690;20;11;20.49.00;79,47;23,87;55,60;55,60
2026-03-01;2;2;21693;6;24;20.50.00;83,64;23,88;59,76;59,76
2026-03-01;2;2;21695;18;13;21.11.00;77,08;23,78;53,30;53,30
2026-03-01;2;2;21698;10;5;21.13.00;77,55;23,77;53,78;53,78
2026-03-01;2;2;21700;17;10;21.15.00;77,37;23,74;53,63;53,63
2026-03-01;2;2;21676;2;15;21.17.00;70,18;21,89;48,29;48,29
2026-03-01;2;2;21699;11;23;22.08.00;77,17;23,86;53,31;53,31
2026-03-01;2;2;21697;19;4;22.11.00;78,34;23,80;54,54;54,54
2026-03-01;2;2;21701;1;2;22.25.00;73,70;21,81;51,89;51,89
2026-03-01;2;2;21702;5;19;22.28.00;72,97;21,85;51,12;51,12
2026-03-02;2;1;21703;15;14;15.22.00;79,45;23,82;55,63;55,63
2026-03-02;2;2;21707;20;11;19.00.00;79,37;23,82;55,55;55,55
2026-03-02;2;2;21706;9;3;19.06.00;78,80;23,81;54,99;54,99
2026-03-02;2;2;21704;6;24;19.19.00;79,59;23,75;55,84;55,84
2026-03-02;2;2;21708;10;5;19.28.00;79,36;23,79;55,57;55,57
2026-03-02;2;2;21710;7;9;19.36.00;78,41;23,80;54,61;54,61
2026-03-02;2;2;21714;5;19;21.02.00;75,30;21,78;53,52;53,52
2026-03-02;2;2;21709;3;12;21.05.00;73,94;21,74;52,20;52,20
2026-03-02;2;2;21715;16;8;21.08.00;79,45;23,83;55,62;55,62
2026-03-02;2;2;21711;17;10;21.12.00;83,52;23,81;59,71;59,71
2026-03-02;2;2;21716;18;13;21.32.00;81,43;23,89;57,54;57,54
2026-03-02;2;2;21713;1;2;21.49.00;74,38;21,88;52,50;52,50
2026-03-02;2;2;21712;19;4;21.51.00;79,87;23,77;56,10;56,10
2026-03-02;2;2;21718;14;6;23.15.00;76,10;23,80;52,30;52,30
2026-03-02;2;2;21717;15;14;23.53.00;75,09;23,76;51,33;51,33
2026-03-03;2;1;21730;20;11;12.28.00;78,28;23,80;54,48;54,48
2026-03-03;2;1;21720;11;23;13.01.00;78,80;23,80;55,00;55,00
2026-03-03;2;1;21719;19;4;13.02.00;78,30;23,83;54,47;54,47
2026-03-03;2;1;21721;6;24;13.36.00;77,21;23,84;53,37;53,37
2026-03-03;2;1;21722;5;19;14.01.00;73,82;21,81;52,01;52,01
2026-03-03;2;1;21723;3;12;14.13.00;72,61;21,81;50,80;50,80
2026-03-03;2;1;21725;14;6;14.39.00;76,85;23,84;53,01;53,01
2026-03-03;2;1;21726;7;9;15.14.00;75,83;23,81;52,02;52,02
2026-03-03;2;1;21705;2;15;15.15.00;74,65;21,85;52,80;52,80
2026-03-03;2;1;21724;9;3;15.16.00;75,48;23,86;51,62;51,62
2026-03-03;2;1;21727;17;10;15.17.00;76,99;23,88;53,11;53,11
2026-03-03;2;1;21728;18;13;15.39.00;77,01;23,85;53,16;53,16
2026-03-03;2;1;21731;10;5;18.01.00;78,20;23,82;54,38;54,38
2026-03-03;2;1;21732;16;8;18.26.00;76,83;23,81;53,02;53,02
2026-03-03;2;2;21733;15;14;19.11.00;77,89;23,80;54,09;54,09
2026-03-03;2;2;21734;5;19;19.49.00;73,20;21,85;51,35;51,35
2026-03-03;2;2;21729;8;7;19.50.00;77,07;23,75;53,32;53,32
2026-03-04;2;1;27441;7;9;11.29.00;77,16;23,83;53,33;53,33
2026-03-04;2;1;21742;15;14;11.39.00;79,54;23,82;55,72;55,72
2026-03-04;2;1;21739;6;24;11.43.00;77,23;23,81;53,42;53,42
2026-03-04;2;1;21737;3;12;11.45.00;75,15;21,85;53,30;53,30
2026-03-04;2;1;21743;20;11;12.07.00;79,67;23,86;55,81;55,81
2026-03-04;2;1;21740;14;6;12.09.00;77,22;23,81;53,41;53,41
2026-03-04;2;1;21735;11;23;13.39.00;79,35;23,85;55,50;55,50
2026-03-04;2;1;21765;19;4;13.31.00;77,83;23,81;54,02;54,02
2026-03-04;2;1;21738;1;2;13.32.00;74,65;21,83;52,82;52,82
2026-03-04;2;1;21745;18;13;13.33.00;77,59;23,84;53,75;53,75
2026-03-04;2;1;21746;9;3;13.34.00;75,15;23,80;51,35;51,35
2026-03-04;2;1;21747;17;10;14.01.00;76,67;23,85;52,82;52,82
2026-03-04;2;1;21748;16;8;14.28.00;77,61;23,82;53,79;53,79
2026-03-04;2;1;21749;2;15;14.31.00;72,20;21,87;50,33;50,33
2026-03-04;2;1;21751;8;7;16.01.00;76,85;23,84;53,01;53,01
2026-03-04;2;1;21750;4;16;17.03.00;68,47;21,80;46,67;46,67
2026-03-04;2;1;21752;5;19;17.04.00;74,53;21,85;52,68;52,68
2026-03-04;2;1;21753;7;9;17.34.00;79,66;23,86;55,80;55,80
2026-03-04;2;1;21744;10;5;18.18.00;79,49;23,85;55,64;55,64
2026-03-04;2;2;21755;14;6;19.31.00;77,78;23,74;54,04;54,04
2026-03-04;2;2;21756;20;11;19.48.00;76,59;23,82;52,77;52,77
2026-03-04;2;2;21754;15;14;19.49.00;79,34;23,79;55,55;55,55
2026-03-04;2;2;21758;6;24;19.51.00;76,40;23,77;52,63;52,63
2026-03-04;2;2;21757;3;12;19.52.00;70,84;21,80;49,04;49,04
2026-03-04;2;2;21759;9;3;19.54.00;79,96;23,75;56,21;56,21
2026-03-04;2;2;21760;2;15;20.30.00;73,15;21,88;51,27;51,27
2026-03-04;2;2;21763;17;10;21.21.00;76,65;23,82;52,83;52,83
2026-03-04;2;2;21766;18;13;21.40.00;76,58;23,81;52,77;52,77
2026-03-04;2;2;21764;16;8;21.49.00;77,86;23,74;54,12;54,12
2026-03-04;2;2;21762;11;23;22.17.00;76,08;23,89;52,19;52,19
2026-03-04;2;2;21761;1;2;22.18.00;71,08;21,86;49,22;49,22
2026-03-04;2;2;21736;19;4;22.20.00;75,13;23,70;51,43;51,43
2026-03-06;2;1;21767;9;3;17.01.00;77,92;23,85;54,07;54,07
2026-03-06;2;1;21775;17;10;18.30.00;76,86;23,80;53,06;53,06
2026-03-06;2;1;21773;18;13;18.31.00;80,09;23,82;56,27;56,27
2026-03-06;2;1;21774;5;19;18.32.00;75,81;21,80;54,01;54,01
2026-03-06;2;1;21772;16;8;18.40.00;78,85;23,82;55,03;55,03
2026-03-06;2;2;21769;15;14;19.46.00;77,02;23,72;53,30;53,30
2026-03-06;2;2;21768;3;12;19.47.00;74,92;21,87;53,05;53,05
2026-03-06;2;2;21771;20;11;19.50.00;79,43;23,73;55,70;55,70
2026-03-06;2;2;21776;14;6;19.51.00;79,43;23,82;55,61;55,61
2026-03-06;2;2;21770;4;16;19.52.00;75,37;21,85;53,52;53,52
2026-03-06;2;2;21777;1;2;19.59.00;74,95;21,81;53,14;53,14
2026-03-08;2;1;21778;6;24;16.57.00;76,76;23,78;52,98;52,98
2026-03-08;2;1;21779;2;15;18.37.00;72,52;21,82;50,70;50,70
2026-03-08;2;2;21781;15;14;20.01.00;78,75;23,80;54,95;54,95
2026-03-08;2;2;21780;9;3;20.02.00;79,44;23,82;55,62;55,62
2026-03-08;2;2;21784;16;8;21.03.00;79,42;23,84;55,58;55,58
2026-03-08;2;2;21787;18;13;21.02.00;78,43;23,85;54,58;54,58
2026-03-08;2;2;21782;17;10;21.03.00;79,24;23,84;55,40;55,40
2026-03-08;2;2;21786;5;19;21.04.00;73,69;21,80;51,89;51,89
2026-03-08;2;2;21783;10;5;21.05.00;78,06;23,86;54,20;54,20
2026-03-08;2;2;21789;20;11;21.29.00;77,83;23,82;54,01;54,01
2026-03-08;2;2;21791;3;12;22.23.00;70,70;21,81;48,89;48,89
2026-03-08;2;2;21790;19;4;22.26.00;77,07;23,87;53,20;53,20
2026-03-08;2;2;21785;11;23;22.30.00;81,88;23,85;58,03;58,03
2026-03-11;2;2;21804;7;9;20.01.00;77,06;23,85;53,21;53,21
2026-03-11;2;2;21803;3;12;22.02.00;72,08;21,83;50,25;50,25
2026-03-11;2;2;21794;6;24;20.03.00;81,88;23,86;58,02;58,02
2026-03-11;2;2;21798;15;14;20.05.00;79,57;23,85;55,72;55,72
2026-03-11;2;2;21799;17;10;20.07.00;78,31;23,87;54,44;54,44
2026-03-11;2;2;21793;14;6;20.09.00;81,88;23,86;58,02;58,02
2026-03-11;2;2;21795;9;3;20.13.00;79,78;23,85;55,93;55,93
2026-03-11;2;2;21792;20;11;20.14.00;81,88;23,85;58,03;58,03
2026-03-11;2;2;21802;19;4;20.16.00;75,55;23,84;51,71;51,71
2026-03-11;2;2;21801;11;23;20.19.00;78,01;23,86;54,15;54,15
2026-03-11;2;2;21797;1;2;20.22.00;72,96;21,87;51,09;51,09
2026-03-11;2;2;21796;4;16;20.25.00;73,39;21,84;51,55;51,55
2026-03-12;2;1;21813;16;8;14.44.00;78,28;23,78;54,50;54,50
2026-03-12;2;1;21788;8;7;14.46.00;79,82;23,78;56,04;56,04
2026-03-12;2;1;21806;2;15;14.48.00;74,42;21,70;52,72;52,72
2026-03-12;2;1;21814;7;9;16.31.00;76,49;23,85;52,64;52,64
2026-03-12;2;1;21808;6;24;16.36.00;83,24;23,81;59,43;59,43
2026-03-12;2;1;21810;15;14;16.41.00;82,63;23,79;58,84;58,84
2026-03-12;2;1;21811;19;4;16.44.00;79,83;23,77;56,06;56,06
2026-03-12;2;1;21805;9;3;17.06.00;81,82;23,73;58,09;58,09
2026-03-12;2;1;21809;3;12;17.08.00;76,84;21,79;55,05;55,05
2026-03-12;2;1;21807;1;2;17.26.00;76,47;21,86;54,61;54,61
2026-03-12;2;1;21815;20;11;18.19.00;77,18;23,88;53,30;53,30
2026-03-12;2;2;21816;4;16;20.40.00;73,06;21,85;51,21;51,21
2026-03-13;2;1;21817;11;23;07.01.00;78,54;23,84;54,70;54,70
2026-03-13;2;1;21818;6;24;09.17.00;79,89;23,75;56,14;56,14
2026-03-13;2;1;21819;15;14;09.18.00;79,13;23,82;55,31;55,31
2026-03-13;2;1;21820;19;4;09.20.00;79,25;23,87;55,38;55,38
2026-03-13;2;1;21822;17;10;10.13.00;79,64;23,88;55,76;55,76
2026-03-13;2;1;21821;9;3;10.24.00;76,78;23,79;52,99;52,99
2026-03-13;2;1;21823;14;6;11.42.00;78,83;23,77;55,06;55,06
2026-03-13;2;1;21824;3;12;12.55.00;74,19;21,88;52,31;52,31
2026-03-13;2;1;21825;1;2;14.03.00;72,28;21,93;50,35;50,35
2026-03-13;2;1;21829;15;14;17.12.00;78,18;23,80;54,38;54,38
2026-03-13;2;1;21828;19;4;17.14.00;76,05;23,86;52,19;52,19
2026-03-13;2;1;21831;6;24;17.17.00;77,99;23,93;54,06;54,06
2026-03-13;2;1;21832;9;3;17.49.00;77,53;23,90;53,63;53,63
2026-03-13;2;1;21827;11;23;18.10.00;77,96;23,81;54,15;54,15
2026-03-13;2;2;21830;17;10;19.21.00;77,29;23,85;53,44;53,44
2026-03-13;2;2;21833;14;6;19.22.00;77,64;23,84;53,80;53,80
2026-03-13;2;2;21834;3;12;19.23.00;72,38;21,82;50,56;50,56
2026-03-13;2;2;21835;1;2;21.12.00;72,16;21,83;50,33;50,33
2026-03-14;2;1;21845;2;15;16.33.00;71,04;21,76;49,28;49,28
2026-03-14;2;1;21839;1;2;16.29.00;71,97;21,87;50,10;50,10
2026-03-14;2;1;21838;15;14;16.32.00;75,38;23,75;51,63;51,63
2026-03-14;2;1;21837;19;4;16.36.00;76,12;23,81;52,31;52,31
2026-03-14;2;1;21842;11;23;16.46.00;75,77;23,74;52,03;52,03
2026-03-14;2;1;21840;6;24;16.43.00;77,07;23,76;53,31;53,31
2026-03-14;2;1;21836;17;10;17.21.00;75,83;23,81;52,02;52,02
2026-03-14;2;1;21844;14;6;17.25.00;77,82;23,81;54,01;54,01
2026-03-14;2;1;21800;18;13;17.36.00;75,75;23,74;52,01;52,01
2026-03-14;2;1;21841;7;9;18.00.00;78,35;23,85;54,50;54,50
2026-03-14;2;1;21847;8;7;18.09.00;78,16;23,76;54,40;54,40
2026-03-14;2;1;21843;20;11;18.10.00;76,90;23,81;53,09;53,09
2026-03-14;2;1;21846;9;3;18.05.00;76,60;23,76;52,84;52,84
2026-03-14;2;2;21848;3;12;20.21.00;71,41;21,78;49,63;49,63
2026-03-14;2;2;21849;2;15;21.15.00;74,46;21,76;52,70;52,70
2026-03-15;2;1;21855;18;13;07.05.00;78,81;23,79;55,02;55,02
2026-03-15;2;1;21851;14;6;07.04.00;78,81;23,76;55,05;55,05
2026-03-15;2;1;21852;20;11;07.10.00;78,96;23,86;55,10;55,10
2026-03-15;2;1;21853;9;3;08.23.00;77,07;23,83;53,24;53,24
2026-03-15;2;1;21856;17;10;10.28.00;77,90;23,85;54,05;54,05
2026-03-15;2;1;21857;7;9;11.01.00;77,23;23,81;53,42;53,42
2026-03-15;2;1;21854;11;23;12.05.00;77,59;23,82;53,77;53,77
2026-03-15;2;1;21850;19;4;12.06.00;78,25;23,84;54,41;54,41
2026-03-15;2;1;21858;8;7;12.07.00;76,28;23,85;52,43;52,43
2026-03-15;2;1;21859;3;12;13.09.00;76,46;21,86;54,60;54,60
2026-03-15;2;1;21860;18;13;13.40.00;76,54;23,82;52,72;52,72
2026-03-15;2;1;21861;15;14;14.17.00;76,81;23,80;53,01;53,01
2026-03-15;2;1;21863;6;24;16.12.00;77,16;23,81;53,35;53,35
2026-03-16;2;1;21864;14;6;13.25.00;76,85;23,84;53,01;53,01
2026-03-16;2;1;21869;2;15;13.27.00;73,58;21,86;51,72;51,72
2026-03-16;2;1;21865;20;11;13.32.00;76,05;23,85;52,20;52,20
2026-03-16;2;1;21868;3;12;13.42.00;70,95;21,82;49,13;49,13
2026-03-16;2;1;21867;15;14;13.44.00;76,69;23,84;52,85;52,85
2026-03-16;2;1;21870;6;24;13.45.00;78,84;23,83;55,01;55,01
2026-03-16;2;1;21871;8;7;16.06.00;81,88;23,86;58,02;58,02
2026-03-16;2;1;21874;7;9;16.09.00;78,36;23,83;54,53;54,53
2026-03-16;2;1;21872;1;2;17.10.00;72,18;21,82;50,36;50,36
2026-03-16;2;1;21873;19;4;17.11.00;78,64;23,85;54,79;54,79
2026-03-16;2;2;21879;6;24;22.47.00;76,90;23,75;53,15;53,15
2026-03-16;2;2;21880;15;14;22.40.00;75,94;23,72;52,22;52,22
2026-03-16;2;2;21881;3;12;22.45.00;73,82;21,81;52,01;52,01
2026-03-16;2;2;21878;2;15;22.52.00;71,87;21,85;50,02;50,02
2026-03-17;2;1;21876;16;8;07.44.00;76,96;23,83;53,13;53,13
2026-03-17;2;1;21883;18;13;08.15.00;77,59;23,84;53,75;53,75
2026-03-17;2;1;21875;17;10;08.16.00;77,84;23,83;54,01;54,01
2026-03-17;2;1;21866;11;23;11.10.00;76,63;23,84;52,79;52,79
2026-03-17;2;1;21886;14;6;11.19.00;76,13;23,84;52,29;52,29
2026-03-17;2;1;21888;1;2;12.48.00;70,55;21,83;48,72;48,72
2026-03-17;2;1;21890;16;8;15.02.00;78,27;23,85;54,42;54,42
2026-03-17;2;1;21891;17;10;15.05.00;74,63;23,80;50,83;50,83
2026-03-17;2;1;21887;3;12;15.42.00;70,95;21,85;49,10;49,10
2026-03-17;2;1;21884;6;24;15.43.00;78,09;23,83;54,26;54,26
2026-03-17;2;1;21889;19;4;15.44.00;73,81;23,80;50,01;50,01
2026-03-17;2;1;21885;15;14;16.16.00;77,47;23,84;53,63;53,63
2026-03-17;2;1;21892;2;15;16.30.00;71,28;21,85;49,43;49,43
2026-03-17;2;2;21877;20;11;19.43.00;76,58;23,79;52,79;52,79
2026-03-17;2;2;21896;14;6;19.52.00;77,99;23,84;54,15;54,15
2026-03-17;2;2;21893;18;13;20.28.00;76,78;23,88;52,90;52,90
2026-03-17;2;2;21882;7;9;20.29.00;77,72;23,76;53,96;53,96
2026-03-17;2;2;21894;8;7;20.50.00;76,46;23,70;52,76;52,76
2026-03-17;2;2;21897;11;23;22.51.00;76,82;23,75;53,07;53,07
2026-03-17;2;2;21895;1;2;22.54.00;71,54;21,81;49,73;49,73
2026-03-17;2;2;21899;19;4;23.23.00;77,52;23,92;53,60;53,60
2026-03-18;2;1;21901;2;15;08.52.00;71,89;21,77;50,12;50,12
2026-03-18;2;1;21903;3;12;17.12.00;69,99;21,83;48,16;48,16
2026-03-18;2;1;21902;6;24;17.13.00;75,35;23,82;51,53;51,53
2026-03-18;2;1;21904;1;2;17.36.00;73,43;21,83;51,60;51,60
2026-03-18;2;1;21900;16;8;18.24.00;74,83;23,82;51,01;51,01
2026-03-18;2;1;21898;17;10;18.25.00;75,91;23,81;52,10;52,10
2026-03-18;2;1;21905;19;4;18.35.00;76,91;23,81;53,10;53,10
2026-03-18;2;1;21907;7;9;18.46.00;79,36;23,80;55,56;55,56
2026-03-18;2;1;21906;8;7;18.52.00;76,80;23,80;53,00;53,00
2026-03-18;2;2;21910;15;14;19.06.00;77,95;23,84;54,11;54,11
2026-03-18;2;2;21909;11;23;20.41.00;77,08;23,79;53,29;53,29
2026-03-18;2;2;21911;14;6;21.45.00;77,61;23,76;53,85;53,85
2026-03-18;2;2;21908;13;19;21.46.00;73,92;23,88;50,04;50,04
2026-03-18;2;2;21912;18;13;22.30.00;75,99;23,80;52,19;52,19
2026-03-18;2;2;21913;2;15;22.32.00;71,98;21,75;50,23;50,23
2026-03-19;2;1;21914;6;24;13.24.00;81,88;23,87;58,01;58,01
2026-03-19;2;1;21916;1;2;14.31.00;73,40;21,81;51,59;51,59
2026-03-22;2;1;21917;15;14;14.02.00;78,17;23,82;54,35;54,35
2026-03-23;2;1;21924;11;23;17.51.00;78,67;23,79;54,88;54,88
2026-03-23;2;1;21923;20;11;17.53.00;79,29;23,81;55,48;55,48
2026-03-23;2;1;21919;6;24;18.31.00;77,52;23,75;53,77;53,77
2026-03-23;2;1;21920;2;15;18.33.00;72,74;21,70;51,04;51,04
2026-03-23;2;1;21826;4;16;18.35.00;75,23;21,88;53,35;53,35
2026-03-23;2;1;21918;19;4;18.37.00;79,47;23,87;55,60;55,60
2026-03-23;2;1;21915;3;12;18.40.00;73,79;21,74;52,05;52,05
2026-03-23;2;2;21927;13;19;21.48.00;76,27;23,82;52,45;52,45
2026-03-23;2;2;21926;7;9;21.59.00;77,30;23,80;53,50;53,50
2026-03-23;2;2;21925;16;8;22.02.00;78,00;23,83;54,17;54,17
2026-03-23;2;2;21921;18;13;22.03.00;76,81;23,80;53,01;53,01
2026-03-23;2;2;21929;9;3;22.04.00;78,83;23,81;55,02;55,02
2026-03-23;2;2;21928;1;2;22.16.00;73,15;21,80;51,35;51,35
2026-03-24;2;1;21922;14;6;07.13.00;78,90;23,87;55,03;55,03
2026-03-24;2;1;21930;17;10;09.31.00;76,99;23,78;53,21;53,21
2026-03-24;2;1;21932;2;15;10.40.00;71,84;21,72;50,12;50,12
2026-03-24;2;1;21933;15;14;11.19.00;77,08;23,80;53,28;53,28
2026-03-24;2;1;21934;1;2;11.33.00;71,26;21,84;49,42;49,42
2026-03-24;2;1;21936;7;9;12.00.00;76,22;23,92;52,30;52,30
2026-03-24;2;1;21937;5;19;12.02.00;71,60;21,88;49,72;49,72
2026-03-24;2;1;21931;8;7;12.16.00;75,01;23,96;51,05;51,05
2026-03-24;2;1;21935;9;3;12.20.00;76,00;23,79;52,21;52,21
2026-03-24;2;1;21938;4;16;12.22.00;71,62;21,81;49,81;49,81
2026-03-24;2;1;21939;11;23;13.11.00;76,74;23,71;53,03;53,03
2026-03-24;2;1;21941;3;12;13.49.00;71,66;21,89;49,77;49,77
2026-03-24;2;1;21943;14;6;15.38.00;77,83;23,77;54,06;54,06
2026-03-24;2;1;21945;16;8;15.40.00;74,76;23,70;51,06;51,06
2026-03-24;2;1;21942;20;11;15.45.00;78,42;23,85;54,57;54,57
2026-03-24;2;1;21944;19;4;17.48.00;78,18;23,86;54,32;54,32
2026-03-24;2;2;21946;17;10;22.26.00;77,05;23,81;53,24;53,24
2026-03-24;2;2;21948;15;14;22.27.00;76,84;23,82;53,02;53,02
2026-03-24;2;2;21947;1;2;22.28.00;71,91;21,80;50,11;50,11
2026-03-24;2;2;21949;18;13;02.01.00;76,41;23,80;52,61;52,61
2026-03-26;2;1;21954;5;19;13.15.00;72,67;21,72;50,95;50,95
2026-03-26;2;1;21950;2;15;13.17.00;76,21;21,80;54,41;54,41
2026-03-26;2;1;21953;17;10;14.45.00;78,60;23,88;54,72;54,72
2026-03-26;2;1;21952;7;9;14.45.00;78,80;23,79;55,01;55,01
2026-03-26;2;1;21958;16;8;15.07.00;78,77;23,84;54,93;54,93
2026-03-26;2;1;21951;3;12;15.09.00;74,55;21,89;52,66;52,66
2026-03-26;2;1;21961;8;7;15.12.00;78,16;23,76;54,40;54,40
2026-03-26;2;1;21957;14;6;15.15.00;77,00;23,92;53,08;53,08
2026-03-26;2;1;21960;9;3;15.16.00;77,39;23,87;53,52;53,52
2026-03-26;2;1;21962;15;14;16.16.00;77,96;23,75;54,21;54,21
2026-03-26;2;1;21956;19;4;16.17.00;78,70;23,82;54,88;54,88
2026-03-26;2;1;21955;18;13;17.33.00;78,05;23,80;54,25;54,25
2026-03-26;2;2;21959;4;16;20.45.00;71,85;21,84;50,01;50,01
2026-03-26;2;2;21963;11;23;21.55.00;78,62;23,80;54,82;54,82
2026-03-28;2;2;21964;15;14;19.04.00;82,69;23,84;58,85;58,85
2026-03-28;2;2;21965;19;4;19.06.00;79,29;23,78;55,51;55,51
2026-03-28;2;2;21971;16;8;19.07.00;77,74;23,80;53,94;53,94
2026-03-28;2;2;21970;5;19;19.12.00;71,73;21,70;50,03;50,03
2026-03-28;2;2;21972;3;12;19.12.00;71,80;21,77;50,03;50,03
2026-03-28;2;2;21967;9;3;19.15.00;77,16;23,85;53,31;53,31
2026-03-28;2;2;21966;4;16;19.16.00;72,69;21,88;50,81;50,81
2026-03-28;2;2;21969;14;6;19.19.00;79,17;23,87;55,30;55,30
2026-03-28;2;2;21974;17;10;19.21.00;77,96;23,72;54,24;54,24
2026-03-29;2;1;21978;2;15;09.42.00;74,85;21,83;53,02;53,02
2026-03-29;2;1;21973;11;23;10.07.00;79,07;23,82;55,25;55,25
2026-03-29;2;1;21976;18;13;11.01.00;79,62;23,84;55,78;55,78
2026-03-29;2;1;21968;20;11;11.15.00;78,85;23,84;55,01;55,01
2026-03-29;2;1;21977;8;7;11.16.00;78,49;23,85;54,64;54,64
2026-03-29;2;1;21975;1;2;11.17.00;73,40;21,82;51,58;51,58
2026-03-29;2;1;21979;3;12;12.56.00;77,54;21,83;55,71;55,71
2026-03-29;2;1;21981;9;3;14.16.00;80,09;23,80;56,29;56,29
2026-03-29;2;1;21980;4;16;14.19.00;73,97;21,82;52,15;52,15
2026-03-29;2;1;21985;16;8;14.30.00;78,84;23,83;55,01;55,01
2026-03-29;2;1;21984;5;19;14.31.00;74,29;21,80;52,49;52,49
2026-03-29;2;1;21982;17;10;14.32.00;79,48;23,83;55,65;55,65
2026-03-29;2;1;21986;14;6;15.33.00;78,06;23,81;54,25;54,25
2026-03-29;2;1;21987;18;13;16.46.00;78,91;23,80;55,11;55,11
2026-03-29;2;1;21989;19;4;18.23.00;78,57;23,81;54,76;54,76
2026-03-29;2;2;21990;11;23;19.09.00;78,40;23,84;54,56;54,56
2026-03-29;2;2;21992;8;7;19.32.00;78,09;23,89;54,20;54,20
2026-03-29;2;2;21995;5;19;20.13.00;79,28;21,82;57,46;57,46
2026-03-29;2;2;21996;16;8;20.15.00;77,47;23,76;53,71;53,71
2026-03-29;2;2;21997;17;10;20.17.00;77,59;23,77;53,82;53,82
2026-03-29;2;2;21993;1;2;21.11.00;74,14;21,80;52,34;52,34
2026-03-29;2;2;21991;15;14;21.15.00;77,58;23,91;53,67;53,67
2026-03-29;2;2;21994;20;11;21.42.00;83,47;23,86;59,61;59,61
2026-03-29;2;2;21998;4;16;21.46.00;70,99;21,77;49,22;49,22
2026-03-29;2;2;21999;3;12;22.06.00;71,35;21,74;49,61;49,61
2026-03-29;2;2;22001;9;3;22.30.00;76,04;23,79;52,25;52,25
2026-03-29;2;2;21983;7;9;22.32.00;79,35;23,72;55,63;55,63
2026-03-30;2;1;22002;14;6;10.36.00;76,85;23,83;53,02;53,02
2026-03-30;2;1;22000;12;5;10.37.00;75,45;23,80;51,65;51,65
2026-03-30;2;2;22003;7;9;20.29.00;83,69;23,86;59,83;59,83
2026-03-30;2;2;22007;5;19;20.38.00;73,59;21,89;51,70;51,70
2026-03-30;2;2;22004;20;11;20.48.00;83,45;23,74;59,71;59,71
2026-03-31;2;1;22008;1;2;10.30.00;80,99;21,81;59,18;59,18
2026-03-31;2;1;22010;11;23;13.22.00;79,94;23,84;56,10;56,10
2026-03-31;2;1;22011;3;12;13.33.00;74,90;21,80;53,10;53,10
2026-03-31;2;1;22012;17;10;14.01.00;81,88;23,84;58,04;58,04
2026-03-31;2;1;22005;4;16;14.46.00;75,66;21,81;53,85;53,85
2026-03-31;2;1;22006;9;3;15.01.00;78,61;23,82;54,79;54,79
2026-03-31;2;1;22015;12;5;15.31.00;79,84;23,82;56,02;56,02
2026-03-31;2;1;22014;20;11;15.32.00;81,88;23,80;58,08;58,08
2026-03-31;2;1;22016;16;8;16.13.00;79,67;23,83;55,84;55,84
2026-03-31;2;1;22017;8;7;16.40.00;81,88;23,84;58,04;58,04
2026-03-31;2;1;22013;5;19;17.33.00;74,85;21,83;53,02;53,02
2026-03-31;2;1;22018;7;9;17.34.00;78,91;23,80;55,11;55,11
2026-03-31;2;2;22019;14;6;19.40.00;83,69;23,87;59,82;59,82
2026-03-31;2;2;22020;19;4;19.41.00;78,59;23,82;54,77;54,77
2026-03-31;2;2;22021;18;13;19.46.00;79,96;23,78;56,18;56,18
2026-03-31;2;2;22022;3;12;20.42.00;75,72;21,81;53,91;53,91
2026-03-31;2;2;22009;15;14;22.50.00;83,48;23,86;59,62;59,62
2026-03-31;2;2;22024;1;2;22.51.00;74,24;21,80;52,44;52,44
2026-04-01;2;1;22023;11;23;17.29.00;81,88;23,84;58,04;58,04
2026-04-01;2;1;22025;9;3;17.30.00;81,89;23,84;58,05;58,05
2026-04-01;2;2;22027;1;2;19.49.00;76,38;21,83;54,55;54,55
2026-04-01;2;2;22029;15;14;21.31.00;79,22;23,79;55,43;55,43
2026-04-01;2;2;22030;7;9;21.33.00;77,52;23,80;53,72;53,72
2026-04-01;2;2;22028;20;11;21.35.00;83,69;23,94;59,75;59,75
2026-04-01;2;2;22026;4;16;21.36.00;76,38;21,92;54,46;54,46
2026-04-01;2;2;22031;8;7;22.07.00;76,45;23,76;52,69;52,69
2026-04-01;2;2;22032;16;8;22.10.00;77,11;23,88;53,23;53,23
2026-04-01;2;2;22036;17;10;23.19.00;75,50;23,81;51,69;51,69
2026-04-01;2;2;22034;18;13;23.48.00;73,97;23,77;50,20;50,20
2026-04-01;2;2;22038;5;19;00.05.00;75,27;21,86;53,41;53,41
2026-04-01;2;2;22037;19;4;00.41.00;76,03;23,74;52,29;52,29
2026-04-01;2;2;22039;11;23;00.46.00;79,13;23,70;55,43;55,43
2026-04-03;2;1;21988;2;15;16.25.00;71,85;21,84;50,01;50,01
2026-04-04;2;2;22033;14;6;19.39.00;76,85;23,82;53,03;53,03
2026-04-05;2;2;22035;12;5;20.04.00;77,86;23,85;54,01;54,01
2026-04-21;2;2;22041;14;6;19.25.00;78,81;23,80;55,01;55,01
2026-04-21;2;2;22040;9;3;19.32.00;79,18;23,82;55,36;55,36
2026-04-21;2;2;22042;11;23;20.39.00;79,95;23,81;56,14;56,14
2026-04-21;2;2;22045;19;4;20.40.00;81,85;23,84;58,01;58,01
2026-04-21;2;2;22047;18;13;21.20.00;81,87;23,81;58,06;58,06
2026-04-21;2;2;22050;7;9;21.21.00;81,88;23,80;58,08;58,08
2026-04-21;2;2;22043;17;10;21.22.00;79,85;23,83;56,02;56,02
2026-04-21;2;2;22046;8;7;21.30.00;78,52;23,82;54,70;54,70
2026-04-21;2;2;22053;15;14;22.28.00;79,89;23,80;56,09;56,09
2026-04-21;2;2;22054;12;5;22.37.00;81,88;23,83;58,05;58,05
2026-04-21;2;2;22052;4;16;22.39.00;74,09;21,80;52,29;52,29
2026-04-21;2;2;22048;1;2;22.41.00;74,36;21,81;52,55;52,55
2026-04-21;2;2;22055;16;8;23.04.00;79,18;23,83;55,35;55,35
2026-04-21;2;2;22056;2;15;23.32.00;75,14;21,82;53,32;53,32
2026-04-21;2;2;22044;20;11;01.30.00;81,88;23,84;58,04;58,04
2026-04-21;2;2;22058;7;9;01.46.00;81,89;23,80;58,09;58,09
2026-04-21;2;2;22049;3;12;02.32.00;74,33;21,81;52,52;52,52
2026-04-21;2;2;22059;11;23;04.26.00;81,89;23,81;58,08;58,08
2026-04-22;2;1;22060;15;14;09.24.00;83,46;23,85;59,61;59,61
2026-04-22;2;1;22057;9;3;09.31.00;79,82;23,79;56,03;56,03
2026-04-22;2;1;22061;4;16;11.07.00;67,57;21,80;45,77;45,77
2026-04-22;2;1;22063;3;12;11.23.00;73,74;21,92;51,82;51,82
2026-04-22;2;1;22064;2;15;11.40.00;71,34;21,73;49,61;49,61
2026-04-22;2;1;22062;20;11;12.33.00;74,01;23,87;50,14;50,14
2026-04-22;2;1;22067;16;8;13.07.00;77,02;23,90;53,12;53,12
2026-04-22;2;1;22066;19;4;13.08.00;76,80;23,82;52,98;52,98
2026-04-22;2;1;22068;14;6;13.18.00;77,77;23,75;54,02;54,02
2026-04-22;2;1;22069;7;9;13.34.00;78,02;23,76;54,26;54,26
2026-04-22;2;1;22051;5;19;14.05.00;74,28;21,88;52,40;52,40
2026-04-22;2;1;22070;1;2;14.41.00;70,94;21,86;49,08;49,08
2026-04-22;2;1;22071;15;14;18.05.00;82,86;23,83;59,03;59,03
2026-04-22;2;1;22074;16;8;18.15.00;79,24;23,81;55,43;55,43
2026-04-22;2;1;22065;11;23;18.42.00;77,33;23,72;53,61;53,61
2026-04-22;2;2;22078;7;9;19.20.00;80,05;23,81;56,24;56,24
2026-04-22;2;2;22075;2;15;20.01.00;75,68;21,82;53,86;53,86
2026-04-22;2;2;22079;5;19;20.19.00;74,90;21,80;53,10;53,10
2026-04-22;2;2;22080;14;6;20.37.00;81,88;23,83;58,05;58,05
2026-04-22;2;2;22073;12;5;20.38.00;81,89;23,84;58,05;58,05
2026-04-22;2;2;22072;3;12;20.39.00;75,99;21,83;54,16;54,16
2026-04-22;2;2;22077;8;7;20.45.00;78,43;23,85;54,58;54,58
2026-04-22;2;2;22076;18;13;20.48.00;81,89;23,84;58,05;58,05
2026-04-23;2;1;22083;15;14;12.49.00;83,69;23,85;59,84;59,84
2026-04-23;2;1;22081;4;16;12.50.00;76,67;21,74;54,93;54,93
2026-04-23;2;1;22082;9;3;12.53.00;82,95;23,82;59,13;59,13
2026-04-23;2;1;22085;1;2;14.38.00;78,47;21,87;56,60;56,60
2026-04-23;2;1;22091;7;9;15.19.00;77,77;23,80;53,97;53,97
2026-04-23;2;1;22086;12;5;15.23.00;83,64;23,77;59,87;59,87
2026-04-23;2;1;22092;5;19;15.38.00;73,09;21,79;51,30;51,30
2026-04-23;2;1;22089;3;12;15.50.00;77,09;21,76;55,33;55,33
2026-04-23;2;1;22090;11;23;15.51.00;79,82;23,74;56,08;56,08
2026-04-23;2;1;22087;14;6;17.14.00;82,87;23,72;59,15;59,15
2026-04-23;2;1;22093;20;11;17.27.00;78,08;23,70;54,38;54,38
2026-04-23;2;2;22094;16;8;19.01.00;81,89;23,84;58,05;58,05
2026-04-23;2;2;22088;18;13;21.04.00;79,98;23,84;56,14;56,14
2026-04-23;2;2;22096;4;16;21.54.00;73,55;21,80;51,75;51,75
2026-04-23;2;2;22097;2;15;21.59.00;73,83;21,81;52,02;52,02
2026-04-23;2;2;22098;9;3;22.04.00;76,82;23,81;53,01;53,01
2026-04-23;2;2;22099;7;9;04.03.00;77,78;23,82;53,96;53,96
2026-04-23;2;2;22084;19;4;04.15.00;81,88;23,85;58,03;58,03
2026-04-23;2;2;22103;15;14;04.52.00;81,88;23,83;58,05;58,05
2026-04-23;2;2;22100;11;23;05.16.00;81,89;23,83;58,06;58,06
2026-04-23;2;2;22102;3;12;05.17.00;73,95;21,84;52,11;52,11
2026-04-23;2;2;22101;5;19;05.53.00;75,85;21,80;54,05;54,05
2026-04-24;2;1;22105;4;16;08.32.00;72,74;21,82;50,92;50,92
2026-04-24;2;1;22106;20;11;12.17.00;74,71;23,70;51,01;51,01
2026-04-24;2;1;22111;2;15;12.55.00;73,89;21,70;52,19;52,19
2026-04-24;2;1;22107;9;3;12.56.00;78,28;23,71;54,57;54,57
2026-04-24;2;1;22104;16;8;12.58.00;78,24;23,87;54,37;54,37
2026-04-24;2;1;22113;17;10;13.27.00;75,95;23,88;52,07;52,07
2026-04-24;2;1;22112;5;19;14.36.00;73,27;21,80;51,47;51,47
2026-04-24;2;1;22095;8;7;14.50.00;78,04;23,89;54,15;54,15
2026-04-24;2;1;22108;14;6;17.11.00;83,64;23,92;59,72;59,72
2026-04-24;2;2;22117;17;10;20.24.00;77,37;23,80;53,57;53,57
2026-04-24;2;2;22116;2;15;20.26.00;72,04;21,81;50,23;50,23
2026-04-24;2;2;22118;16;8;21.30.00;77,08;23,84;53,24;53,24
2026-04-24;2;2;22119;15;14;22.17.00;79,29;23,80;55,49;55,49
2026-04-24;2;2;22120;3;12;22.19.00;73,88;21,84;52,04;52,04
2026-04-24;2;2;22115;19;4;22.20.00;76,39;23,82;52,57;52,57
2026-04-24;2;2;22109;7;9;23.03.00;76,40;23,80;52,60;52,60
2026-04-24;2;2;22123;1;2;23.35.00;73,54;21,82;51,72;51,72
2026-04-24;2;2;22122;20;11;00.23.00;77,85;23,84;54,01;54,01
2026-04-24;2;2;22114;11;23;02.19.00;76,26;23,83;52,43;52,43
2026-04-24;2;2;22121;5;19;02.31.00;71,83;21,81;50,02;50,02
2026-04-24;2;2;22110;18;13;04.42.00;76,27;23,80;52,47;52,47
2026-04-24;2;2;22125;17;10;04.44.00;78,44;23,82;54,62;54,62
2026-04-24;2;2;22124;12;5;05.00.00;78,87;23,82;55,05;55,05
2026-04-25;2;1;22129;1;2;07.20.00;74,62;21,28;53,34;53,34
2026-04-25;2;1;22126;14;6;07.48.00;78,07;23,82;54,25;54,25
2026-04-25;2;1;22127;15;14;11.48.00;78,66;23,88;54,78;54,78
2026-04-25;2;1;22134;17;10;12.12.00;75,52;23,79;51,73;51,73
2026-04-25;2;1;22133;12;5;13.05.00;75,51;23,86;51,65;51,65
2026-04-25;2;1;22131;2;15;14.08.00;75,68;21,80;53,88;53,88
2026-04-25;2;1;22132;9;3;14.09.00;78,89;23,75;55,14;55,14
2026-04-25;2;1;22135;3;12;14.20.00;72,64;21,84;50,80;50,80
2026-04-25;2;1;22136;5;19;14.26.00;74,27;21,77;52,50;52,50
2026-04-25;2;1;22137;16;8;14.35.00;78,40;23,91;54,49;54,49
2026-04-25;2;1;22130;11;23;14.50.00;79,40;23,89;55,51;55,51
2026-04-25;2;1;22128;19;4;15.47.00;76,88;23,80;53,08;53,08
2026-04-25;2;2;22139;12;5;19.11.00;76,60;23,80;52,80;52,80
2026-04-25;2;2;22140;15;14;23.27.00;80,09;23,82;56,27;56,27
2026-04-25;2;2;22143;3;12;23.29.00;74,32;21,80;52,52;52,52
2026-04-25;2;2;22141;9;3;23.30.00;79,84;23,83;56,01;56,01
2026-04-25;2;2;22144;19;4;23.31.00;79,09;23,84;55,25;55,25
2026-04-25;2;2;22138;18;13;00.09.00;76,94;23,80;53,14;53,14
2026-04-25;2;2;22146;17;10;00.23.00;79,82;23,81;56,01;56,01
2026-04-25;2;2;22142;2;15;06.00.00;74,48;21,83;52,65;52,65
2026-04-26;2;1;22145;16;8;07.10.00;79,28;23,85;55,43;55,43
2026-04-26;2;1;22148;17;10;14.16.00;79,16;23,81;55,35;55,35
2026-04-26;2;1;22147;16;8;14.06.00;79,89;23,80;56,09;56,09
2026-04-26;2;1;22149;4;16;16.05.00;75,17;21,82;53,35;53,35
2026-04-26;2;1;22151;18;13;16.25.00;79,32;23,81;55,51;55,51
2026-04-26;2;2;22152;14;6;19.09.00;78,81;23,78;55,03;55,03
2026-04-26;2;2;22153;9;3;19.11.00;78,79;23,85;54,94;54,94
2026-04-26;2;2;22156;2;15;22.17.00;74,35;21,80;52,55;52,55
2026-04-26;2;2;22154;15;14;22.37.00;83,68;23,88;59,80;59,80
2026-04-26;2;2;22157;3;12;22.38.00;74,31;21,76;52,55;52,55
2026-04-26;2;2;22150;1;2;23.41.00;75,03;21,82;53,21;53,21
2026-04-26;2;2;22159;19;4;02.56.00;79,40;23,87;55,53;55,53
2026-04-26;2;2;22158;4;16;02.57.00;73,37;21,84;51,53;51,53
2026-04-26;2;2;22155;11;23;03.42.00;82,92;23,83;59,09;59,09
2026-04-27;2;1;22161;9;3;10.00.00;81,88;23,84;58,04;58,04
2026-04-27;2;1;22160;7;9;10.23.00;79,94;23,80;56,14;56,14
2026-04-27;2;1;22165;4;16;12.56.00;75,55;21,83;53,72;53,72
2026-04-27;2;1;22163;16;8;14.29.00;81,88;23,83;58,05;58,05
2026-04-27;2;1;22169;8;7;15.16.00;81,89;23,84;58,05;58,05
2026-04-27;2;1;22162;20;11;16.03.00;81,88;23,84;58,04;58,04
2026-04-27;2;1;22170;14;6;16.40.00;81,89;23,85;58,04;58,04
2026-04-27;2;1;22164;1;2;17.14.00;76,14;21,82;54,32;54,32
2026-04-27;2;1;22168;15;14;18.12.00;81,89;23,84;58,05;58,05
2026-04-27;2;1;22172;9;3;18.18.00;81,88;23,83;58,05;58,05
2026-04-27;2;1;22174;3;12;18.19.00;76,46;21,82;54,64;54,64
2026-04-27;2;1;22166;19;4;18.23.00;81,89;23,84;58,05;58,05
2026-04-27;2;2;22173;11;23;19.00.00;81,89;23,83;58,06;58,06
2026-04-27;2;2;22171;7;9;19.40.00;79,21;23,81;55,40;55,40
2026-04-27;2;2;22167;18;13;19.44.00;81,87;23,81;58,06;58,06
2026-04-27;2;2;22175;17;10;19.55.00;81,89;23,84;58,05;58,05
2026-04-27;2;2;22176;16;8;21.02.00;81,87;23,82;58,05;58,05
2026-04-27;2;2;22177;8;7;23.04.00;82,87;23,82;59,05;59,05
2026-04-27;2;2;22178;2;15;23.06.00;76,90;21,82;55,08;55,08
2026-04-28;2;1;22179;1;2;13.01.00;76,09;21,81;54,28;54,28
2026-04-28;2;1;22181;15;14;15.09.00;81,89;23,80;58,09;58,09
2026-04-28;2;1;22182;3;12;15.33.00;76,05;21,84;54,21;54,21
2026-04-28;2;1;22185;9;3;18.20.00;81,88;23,84;58,04;58,04
2026-04-28;2;2;22186;8;7;19.04.00;83,78;23,85;59,93;59,93
2026-04-28;2;2;22188;14;6;19.06.00;83,61;23,79;59,82;59,82
2026-04-28;2;2;22180;20;11;20.13.00;83,80;23,94;59,86;59,86
2026-04-28;2;2;22189;4;16;20.19.00;76,66;21,80;54,86;54,86
2026-04-28;2;2;22190;1;2;22.07.00;76,80;21,75;55,05;55,05
2026-04-28;2;2;22191;19;4;22.09.00;83,76;23,86;59,90;59,90
2026-04-28;2;2;22192;2;15;22.41.00;75,86;21,84;54,02;54,02
2026-04-28;2;2;22193;15;14;00.03.00;83,74;23,88;59,86;59,86
2026-04-28;2;2;22195;17;10;00.07.00;83,81;23,95;59,86;59,86
2026-04-28;2;2;22194;12;5;00.08.00;83,69;23,78;59,91;59,91
2026-04-28;2;2;22183;18;13;00.11.00;83,70;23,81;59,89;59,89
2026-04-29;2;1;22196;9;3;12.28.00;81,89;23,80;58,09;58,09
2026-04-29;2;1;22200;12;5;12.29.00;75,85;23,84;52,01;52,01
2026-04-29;2;1;22198;4;16;12.30.00;74,90;21,80;53,10;53,10
2026-04-29;2;1;22197;20;11;12.31.00;81,89;23,81;58,08;58,08
2026-04-29;2;1;22203;3;12;14.43.00;72,90;21,80;51,10;51,10
2026-04-29;2;1;22204;14;6;14.55.00;79,00;23,80;55,20;55,20
2026-04-29;2;1;22184;7;9;14.59.00;81,89;23,81;58,08;58,08
2026-04-29;2;1;22202;19;4;16.22.00;78,52;23,81;54,71;54,71
2026-04-29;2;1;22205;18;13;17.20.00;79,86;23,81;56,05;56,05
2026-04-29;2;1;22199;17;10;18.39.00;79,83;23,82;56,01;56,01
2026-04-29;2;1;22208;12;5;18.50.00;81,89;23,80;58,09;58,09
2026-04-29;2;2;22187;16;8;20.08.00;83,76;23,85;59,91;59,91
2026-04-29;2;2;22210;20;11;21.06.00;83,65;23,90;59,75;59,75
2026-04-29;2;2;22209;4;16;21.44.00;74,80;21,75;53,05;53,05
2026-04-29;2;2;22212;15;14;21.48.00;83,70;23,82;59,88;59,88
2026-04-29;2;2;22211;7;9;22.13.00;83,69;23,88;59,81;59,81
2026-04-29;2;2;22213;3;12;22.16.00;74,54;21,74;52,80;52,80
2026-04-29;2;2;22206;2;15;22.44.00;76,18;21,80;54,38;54,38
2026-04-29;2;2;22207;8;7;06.08.00;83,69;23,88;59,81;59,81
2026-04-29;2;2;22214;14;6;06.09.00;78,80;23,78;55,02;55,02
2026-04-29;2;2;22201;1;2;06.26.00;73,29;21,74;51,55;51,55
2026-04-29;2;2;22215;19;4;00.28.00;78,84;23,80;55,04;55,04
2026-04-30;2;1;22217;7;9;12.05.00;79,35;23,80;55,55;55,55
2026-04-30;2;1;22216;9;3;12.06.00;78,81;23,81;55,00;55,00
2026-04-30;2;1;22218;15;14;12.55.00;81,99;23,84;58,15;58,15
2026-04-30;2;1;22219;12;5;12.56.00;81,98;23,83;58,15;58,15
2026-04-30;2;1;22220;3;12;12.57.00;75,29;21,80;53,49;53,49
2026-04-30;2;1;22223;16;8;13.54.00;77,56;23,82;53,74;53,74
2026-04-30;2;1;22221;4;16;15.14.00;75,06;21,80;53,26;53,26
2026-04-30;2;1;22226;1;2;17.31.00;75,51;21,81;53,70;53,70
2026-04-30;2;1;22224;14;6;17.21.00;78,91;23,81;55,10;55,10
2026-04-30;2;1;22222;2;15;18.04.00;74,09;21,80;52,29;52,29
2026-04-30;2;2;22227;12;5;19.47.00;83,78;23,88;59,90;59,90
2026-04-30;2;2;22228;7;9;20.07.00;83,65;23,83;59,82;59,82
2026-04-30;2;2;2229;16;8;20.32.00;83,81;23,86;59,95;59,95
2026-05-01;2;1;22225;8;7;15.46.00;81,89;23,84;58,05;58,05
2026-05-01;2;1;22230;4;16;17.21.00;73,14;21,80;51,34;51,34
2026-05-02;2;1;22231;15;14;13.19.00;81,99;23,80;58,19;58,19
2026-05-02;2;1;22236;12;5;13.31.00;78,34;23,85;54,49;54,49
2026-05-02;2;1;22234;3;12;13.34.00;72,18;21,82;50,36;50,36
2026-05-02;2;1;22235;14;6;13.46.00;78,88;23,83;55,05;55,05
2026-05-02;2;1;22232;4;16;13.47.00;73,83;21,82;52,01;52,01
2026-05-02;2;1;22233;20;11;13.48.00;78,85;23,83;55,02;55,02
2026-05-02;2;1;22237;18;13;17.15.00;79,16;23,84;55,32;55,32
2026-05-02;2;2;22240;15;14;22.41.00;83,78;23,87;59,91;59,91
2026-05-02;2;2;22242;2;15;22.59.00;73,59;21,87;51,72;51,72
2026-05-02;2;2;22243;4;16;22.57.00;72,16;21,74;50,42;50,42
2026-05-02;2;2;22238;16;8;22.48.00;78,32;23,80;54,52;54,52
2026-05-02;2;2;22241;3;12;22.43.00;73,47;21,82;51,65;51,65
2026-05-02;2;2;22239;12;5;23.02.00;77,53;23,81;53,72;53,72
2026-05-03;2;1;22244;1;2;16.31.00;74,02;21,84;52,18;52,18
2026-05-03;2;1;22246;15;14;16.55.00;82,87;23,84;59,03;59,03
2026-05-03;2;1;22249;12;5;17.56.00;79,93;23,82;56,11;56,11
2026-05-03;2;1;22247;14;6;18.05.00;78,86;23,84;55,02;55,02
2026-05-03;2;1;22248;2;15;16.08.00;74,23;21,85;52,38;52,38
2026-05-03;2;1;22245;4;16;17.40.00;74,31;21,81;52,50;52,50
2026-05-03;2;1;22250;20;11;18.33.00;78,87;23,82;55,05;55,05
2026-05-03;2;2;22251;3;12;19.01.00;73,44;21,84;51,60;51,60
2026-05-03;2;2;22252;18;13;19.24.00;77,91;23,81;54,10;54,10
2026-05-03;2;2;22253;15;14;02.05.00;81,99;23,80;58,19;58,19
2026-05-03;2;2;22255;4;16;04.11.00;74,24;21,80;52,44;52,44
2026-05-03;2;2;22254;1;2;04.25.00;74,56;21,82;52,74;52,74
2026-05-03;2;2;22256;12;5;06.32.00;79,99;23,84;56,15;56,15
2026-05-04;2;1;22258;2;15;10.55.00;73,63;21,84;51,79;51,79
2026-05-04;2;1;22259;4;16;14.14.00;73,30;21,82;51,48;51,48
2026-05-04;2;1;22257;15;14;14.19.00;79,23;23,82;55,41;55,41
2026-05-04;2;1;22260;18;13;13.17.00;79,12;23,78;55,34;55,34
2026-05-04;2;1;22261;14;6;14.30.00;79,89;23,81;56,08;56,08
2026-05-04;2;1;22262;20;11;15.36.00;77,83;23,81;54,02;54,02
2026-05-04;2;1;22264;12;5;17.13.00;79,39;23,84;55,55;55,55
2026-05-04;2;2;22263;1;2;19.25.00;72,84;21,83;51,01;51,01
2026-05-04;2;2;22269;16;8;00.14.00;81,99;23,84;58,15;58,15
2026-05-04;2;2;22266;14;6;01.59.00;78,65;23,80;54,85;54,85
2026-05-04;2;2;22265;2;15;06.29.00;77,00;21,85;55,15;55,15
2026-05-04;2;2;22268;20;11;06.30.00;81,99;23,83;58,16;58,16
2026-05-04;2;2;22267;4;16;06.31.00;75,42;21,80;53,62;53,62
2026-05-05;2;1;22271;1;2;16.33.00;77,37;21,89;55,48;55,48
2026-05-05;2;1;22273;4;16;17.43.00;74,37;21,80;52,57;52,57
2026-05-05;2;1;22272;2;15;17.45.00;76,19;21,85;54,34;54,34
2026-05-05;2;1;22274;3;12;18.22.00;75,11;21,78;53,33;53,33
2026-05-05;2;1;22270;12;5;18.24.00;83,68;23,84;59,84;59,84
2026-05-05;2;2;22275;20;11;19.06.00;81,99;23,84;58,15;58,15
2026-05-05;2;2;22277;17;10;19.04.00;83,58;23,87;59,71;59,71
2026-05-05;2;2;22276;14;6;19.01.00;78,63;23,80;54,83;54,83
2026-05-05;2;2;22278;16;8;21.37.00;81,99;23,80;58,19;58,19
2026-05-05;2;2;22282;12;5;05.30.00;81,99;23,81;58,18;58,18
2026-05-05;2;2;22280;3;12;05.49.00;81,91;21,85;60,06;60,06
2026-05-05;2;2;22279;1;2;06.00.00;79,32;21,84;57,48;57,48
2026-05-05;2;2;22281;4;16;06.43.00;81,84;21,81;60,03;60,03
2026-05-05;2;2;22284;2;15;06.45.00;81,90;21,80;60,10;60,10
2026-05-06;2;1;22283;14;6;12.43.00;83,69;23,86;59,83;59,83
2026-05-06;2;1;22287;3;12;14.15.00;77,36;21,82;55,54;55,54
2026-05-06;2;1;22285;1;2;15.05.00;79,25;21,89;57,36;57,36
2026-05-06;2;2;22288;12;5;19.01.00;81,87;23,85;58,02;58,02
2026-05-06;2;2;22289;18;13;19.12.00;81,99;23,84;58,15;58,15
2026-05-06;2;2;22286;20;11;19.24.00;81,99;23,80;58,19;58,19
2026-05-06;2;2;22291;4;16;23.11.00;72,60;21,80;50,80;50,80
2026-05-06;2;2;22292;1;2;23.27.00;77,49;21,81;55,68;55,68
2026-05-06;2;2;22290;2;15;00.54.00;72,83;21,80;51,03;51,03
2026-05-06;2;2;22293;20;11;04.49.00;81,98;23,83;58,15;58,15
2026-05-07;2;1;22295;12;5;12.53.00;83,66;23,86;59,80;59,80
2026-05-07;2;1;22294;18;13;12.54.00;83,66;23,86;59,80;59,80
2026-05-07;2;2;22298;14;6;21.24.00;76,94;23,80;53,14;53,14
2026-05-07;2;2;22299;12;5;21.25.00;77,83;23,82;54,01;54,01
2026-05-07;2;2;22297;18;13;21.26.00;77,19;23,84;53,35;53,35
2026-05-07;2;2;22300;20;11;02.38.00;79,30;23,81;55,49;55,49
2026-05-07;2;2;22296;1;2;20.43.00;76,42;21,82;54,60;54,60
2026-05-08;2;2;22303;7;9;01.15.00;79,30;23,80;55,50;55,50
2026-05-08;2;2;22301;19;4;01.25.00;76,82;23,81;53,01;53,01
2026-05-08;2;2;22302;18;13;01.29.00;77,85;23,85;54,00;54,00
2026-05-08;2;2;22304;12;5;01.31.00;77,93;23,86;54,07;54,07
2026-05-09;2;1;22305;1;2;09.54.00;70,00;21,85;48,15;48,15
2026-05-09;2;1;22309;15;14;15.04.00;76,25;23,88;52,37;52,37
2026-05-09;2;1;22307;9;3;15.06.00;75,98;23,85;52,13;52,13
2026-05-09;2;1;22310;7;9;16.04.00;75,81;23,79;52,02;52,02
2026-05-09;2;1;22308;8;7;16.24.00;75,76;23,70;52,06;52,06
2026-05-09;2;1;22311;1;2;17.11.00;73,96;21,89;52,07;52,07
2026-05-09;2;1;22312;19;4;18.01.00;79,29;23,84;55,45;55,45
2026-05-09;2;2;22314;15;14;21.31.00;81,99;23,80;58,19;58,19
2026-05-09;2;2;22313;4;16;21.36.00;72,85;21,84;51,01;51,01
2026-05-09;2;2;22315;14;6;22.00.00;78,52;23,81;54,71;54,71
2026-05-09;2;2;22316;9;3;22.05.00;78,59;23,83;54,76;54,76
2026-05-09;2;2;22318;7;9;00.09.00;79,47;23,80;55,67;55,67
2026-05-09;2;2;22317;17;10;00.13.00;78,30;23,82;54,48;54,48
2026-05-09;2;2;22306;12;5;00.14.00;78,24;23,80;54,44;54,44
2026-05-09;2;2;22320;8;7;00.15.00;78,81;23,81;55,00;55,00
2026-05-09;2;2;22322;3;12;03.29.00;75,02;21,87;53,15;53,15
2026-05-10;2;1;22319;18;13;09.29.00;79,89;23,85;56,04;56,04
2026-05-10;2;1;22329;20;11;16.01.00;79,02;23,78;55,24;55,24
2026-05-10;2;1;22327;4;16;16.30.00;73,23;21,82;51,41;51,41
2026-05-10;2;1;22321;1;2;16.35.00;74,88;21,84;53,04;53,04
2026-05-10;2;1;22323;19;4;16.31.00;82,83;23,82;59,01;59,01
2026-05-10;2;1;22325;17;10;17.10.00;79,99;23,80;56,19;56,19
2026-05-10;2;1;22326;18;13;17.14.00;79,75;23,70;56,05;56,05
2026-05-10;2;1;22324;12;5;17.12.00;82,83;23,82;59,01;59,01
2026-05-10;2;1;22328;7;9;18.04.00;78,39;23,87;54,52;54,52
2026-05-10;2;1;22231;14;6;18.13.00;78,29;23,78;54,51;54,51
2026-05-10;2;2;22232;3;12;19.05.00;71,95;21,80;50,15;50,15
2026-05-10;2;2;22334;15;14;19.48.00;79,52;23,91;55,61;55,61
2026-05-10;2;2;22330;9;3;19.49.00;78,57;23,85;54,72;54,72
2026-05-10;2;2;22337;17;10;01.11.00;83,59;23,88;59,71;59,71
2026-05-10;2;2;22338;14;6;01.15.00;79,70;23,79;55,91;55,91
2026-05-10;2;2;22336;4;16;06.51.00;73,81;21,85;51,96;51,96
2026-05-10;2;2;22333;8;7;06.53.00;77,41;23,82;53,59;53,59
2026-05-11;2;1;22343;4;16;13.47.00;69,55;21,85;47,70;47,70
2026-05-11;2;1;22240;3;12;14.40.00;71,81;21,80;50,01;50,01
2026-05-11;2;1;22342;9;3;14.41.00;77,24;23,82;53,42;53,42
2026-05-11;2;1;22339;18;13;16.01.00;79,07;23,84;55,23;55,23
2026-05-11;2;1;22346;17;10;16.02.00;78,02;23,83;54,19;54,19
2026-05-11;2;1;22344;12;5;16.22.00;78,43;23,81;54,62;54,62
2026-05-11;2;1;22341;15;14;16.33.00;78,76;23,70;55,06;55,06
2026-05-11;2;1;22347;19;4;16.50.00;78,86;23,80;55,06;55,06
2026-05-11;2;2;22345;14;6;19.01.00;78,39;23,86;54,53;54,53
2026-05-11;2;2;22353;7;9;22.52.00;75,33;23,83;51,50;51,50
2026-05-11;2;2;22351;9;3;22.53.00;75,34;23,80;51,54;51,54
2026-05-11;2;2;22350;4;16;23.08.00;71,66;21,85;49,81;49,81
2026-05-11;2;2;22352;3;12;01.24.00;72,90;21,79;51,11;51,11
2026-05-11;2;2;22348;8;7;01.27.00;76,84;23,81;53,03;53,03
2026-05-11;2;2;22349;2;15;01.29.00;70,52;21,89;48,63;48,63
2026-05-11;2;2;22355;15;14;01.36.00;78,16;23,81;54,35;54,35
2026-05-11;2;2;22356;19;4;01.39.00;77,23;23,91;53,32;53,32
2026-05-12;2;1;22335;20;11;11.29.00;74,85;23,80;51,05;51,05
2026-05-12;2;1;22354;18;13;13.01.00;75,24;23,81;51,43;51,43
2026-05-12;2;1;22359;17;10;13.02.00;79,24;23,83;55,41;55,41
2026-05-12;2;1;22360;12;5;14.09.00;81,99;23,84;58,15;58,15
2026-05-12;2;1;22357;7;9;14.10.00;76,09;23,80;52,29;52,29
2026-05-12;2;1;22361;3;12;16.14.00;72,22;21,81;50,41;50,41
2026-05-12;2;1;22362;15;14;16.17.00;77,13;23,80;53,33;53,33
2026-05-12;2;1;22363;9;3;16.41.00;75,26;23,82;51,44;51,44
2026-05-12;2;2;22358;2;15;19.16.00;74,08;21,88;52,20;52,20
2026-05-12;2;2;22364;19;3;19.20.00;83,57;23,83;59,74;59,74
2026-05-12;2;2;22367;12;5;22.48.00;79,65;23,83;55,82;55,82
2026-05-12;2;2;22365;7;9;22.48.00;83,62;23,84;59,78;59,78
2026-05-12;2;2;22366;17;10;22.50.00;79,94;23,83;56,11;56,11
2026-05-12;2;2;22369;8;7;23.17.00;76,67;23,84;52,83;52,83
2026-05-12;2;2;22370;9;3;23.21.00;76,97;23,89;53,08;53,08
2026-05-12;2;2;22368;4;16;23.24.00;74,67;21,81;52,86;52,86
2026-05-13;2;1;22371;15;14;12.33.00;81,99;23,80;58,19;58,19
2026-05-13;2;1;22372;4;16;16.32.00;75,10;21,84;53,26;53,26
2026-05-13;2;1;22376;2;15;17.32.00;72,52;21,80;50,72;50,72
2026-05-13;2;2;22375;17;10;21.45.00;78,52;23,88;54,64;54,64
2026-05-13;2;2;22374;12;5;21.48.00;79,19;23,86;55,33;55,33
2026-05-13;2;2;22377;7;9;21.49.00;83,58;23,82;59,76;59,76
2026-05-13;2;2;22380;4;16;01.17.00;74,11;21,89;52,22;52,22
2026-05-13;2;2;22373;9;3;06.37.00;79,66;23,92;55,74;55,74
2026-05-14;2;1;22378;19;4;12.19.00;79,95;23,80;56,15;56,15
2026-05-14;2;1;22383;2;15;13.49.00;74,83;21,82;53,01;53,01
2026-05-14;2;1;22385;15;14;14.01.00;79,74;23,83;55,91;55,91
2026-05-14;2;1;22386;17;10;14.44.00;81,99;23,80;58,19;58,19
2026-05-14;2;1;22384;12;5;14.45.00;79,83;23,81;56,02;56,02
2026-05-14;2;1;22381;4;16;15.09.00;77,80;21,80;56,00;56,00
2026-05-14;2;1;22382;20;11;15.10.00;81,99;23,81;58,18;58,18
2026-05-14;2;1;22387;8;7;17.29.00;81,99;23,84;58,15;58,15
2026-05-14;2;2;22390;7;9;22.11.00;83,69;23,88;59,81;59,81
2026-05-14;2;2;22389;12;5;22.30.00;83,57;23,82;59,75;59,75
2026-05-14;2;2;22379;18;13;22.32.00;83,47;23,86;59,61;59,61
2026-05-14;2;2;22388;2;15;22.44.00;75,13;21,91;53,22;53,22
2026-05-14;2;2;22391;17;10;00.39.00;79,23;23,80;55,43;55,43
2026-05-14;2;2;22395;8;7;00.44.00;77,09;23,79;53,30;53,30
2026-05-14;2;2;22394;20;11;00.46.00;77,32;23,89;53,43;53,43
2026-05-15;2;1;22393;15;14;15.45.00;81,99;23,81;58,18;58,18
2026-05-15;2;1;22392;4;16;16.01.00;73,26;21,82;51,44;51,44
2026-05-15;2;1;22397;7;9;18.01.00;76,82;23,80;53,02;53,02
2026-05-15;2;1;22396;19;4;18.03.00;77,00;23,81;53,19;53,19
2026-05-15;2;1;22399;2;15;18.21.00;75,50;21,83;53,67;53,67
2026-05-16;2;1;22402;7;9;14.12.00;79,72;23,84;55,88;55,88
2026-05-16;2;1;22401;4;16;12.43.00;75,27;21,81;53,46;53,46
2026-05-16;2;1;22403;18;13;15.19.00;81,99;23,81;58,18;58,18
2026-05-16;2;1;22400;12;5;15.21.00;81,96;23,80;58,16;58,16
2026-05-16;2;1;22404;19;4;16.01.00;77,92;23,82;54,10;54,10
2026-05-16;2;1;22405;2;15;16.02.00;74,02;21,84;52,18;52,18
2026-05-16;2;2;22407;4;16;20.43.00;74,04;21,73;52,31;52,31
2026-05-16;2;2;22406;1;2;19.06.00;74,79;21,70;53,09;53,09
2026-05-16;2;2;22398;20;11;19.44.00;83,72;23,84;59,88;59,88
2026-05-16;2;2;22412;3;12;00.41.00;73,12;21,82;51,30;51,30
2026-05-18;2;1;22411;7;9;14.57.00;83,65;23,80;59,85;59,85
2026-05-18;2;1;22410;19;4;15.04.00;80,00;23,88;56,12;56,12
2026-05-18;2;1;22408;12;5;15.33.00;83,65;23,88;59,77;59,77
2026-05-18;2;1;22409;14;6;15.38.00;83,59;23,84;59,75;59,75
2026-05-18;2;1;22414;16;8;16.12.00;83,66;23,89;59,77;59,77
2026-05-18;2;1;22413;4;16;16.17.00;76,70;21,81;54,89;54,89
2026-05-18;2;1;22415;17;10;16.38.00;78,11;23,85;54,26;54,26
2026-05-18;2;1;22416;20;11;16.50.00;77,67;23,79;53,88;53,88
2026-05-18;2;1;22417;9;3;17.27.00;77,59;23,92;53,67;53,67
2026-05-18;2;1;22418;3;12;18.10.00;72,00;21,87;50,13;50,13
2026-05-18;2;2;22420;1;2;20.02.00;70,93;21,82;49,11;49,11
2026-05-18;2;2;22419;2;15;20.01.00;72,98;21,80;51,18;51,18
2026-05-18;2;2;22422;18;13;20.05.00;77,17;23,84;53,33;53,33
2026-05-18;2;2;22421;8;7;20.06.00;72,83;23,80;49,03;49,03
2026-05-18;2;2;22426;4;16;00.44.00;71,84;21,83;50,01;50,01
2026-05-18;2;2;22427;20;11;02.10.00;76,86;23,85;53,01;53,01
2026-05-18;2;2;22423;12;5;01.34.00;78,89;23,86;55,03;55,03
2026-05-18;2;2;22425;17;10;01.35.00;76,85;23,82;53,03;53,03
2026-05-18;2;2;22424;14;6;04.22.00;77,90;23,80;54,10;54,10
2026-05-19;2;1;22428;19;4;11.02.00;77,02;23,86;53,16;53,16
2026-05-19;2;1;22430;2;15;13.48.00;72,07;21,82;50,25;50,25
2026-05-19;2;1;22432;7;9;14.07.00;78,41;23,89;54,52;54,52
2026-05-19;2;1;22434;3;12;14.37.00;70,47;21,80;48,67;48,67
2026-05-19;2;1;22435;9;3;15.07.00;76,01;23,88;52,13;52,13
2026-05-19;2;1;22433;4;16;15.08.00;71,81;21,79;50,02;50,02
2026-05-19;2;1;22431;1;2;15.16.00;71,10;21,86;49,24;49,24
2026-05-19;2;1;22437;16;8;15.27.00;75,00;23,83;51,17;51,17
2026-05-19;2;1;22439;18;13;16.20.00;76,03;23,83;52,20;52,20
2026-05-19;2;1;22438;12;5;16.22.00;77,10;23,87;53,23;53,23
2026-05-19;2;1;22436;17;10;16.26.00;75,63;23,91;51,72;51,72
2026-05-19;2;1;22440;19;4;18.39.00;78,32;23,81;54,51;54,51
2026-05-19;2;2;22429;14;6;19.07.00;77,85;23,80;54,05;54,05
2026-05-20;2;1;22441;9;3;18.14.00;80,02;23,85;56,17;56,17
2026-05-21;2;1;22446;23;9;14.20.00;77,12;23,50;53,62;53,62
2026-05-21;2;1;22442;21;14;14.22.00;79,01;22,88;56,13;56,13
2026-05-21;2;1;22443;24;16;14.23.00;78,75;22,37;56,38;56,38
2026-05-21;2;1;22444;25;2;14.27.00;76,32;23,11;53,21;53,21
2026-05-21;2;1;22445;22;12;14.30.00;77,26;22,96;54,30;54,30
2026-05-21;2;2;22447;9;3;20.49.00;76,21;23,80;52,41;52,41
2026-05-21;2;2;22450;16;8;21.56.00;76,39;23,82;52,57;52,57
2026-05-21;2;2;22451;19;4;21.59.00;74,81;23,80;51,01;51,01
2026-05-21;2;2;22448;14;6;22.37.00;73,94;23,80;50,14;50,14
2026-05-21;2;2;22452;23;9;23.22.00;78,06;22,80;55,26;55,26
2026-05-21;2;2;22454;18;13;01.09.00;78,22;23,85;54,37;54,37
2026-05-21;2;2;22455;21;14;01.51.00;79,70;22,88;56,82;56,82
2026-05-22;2;1;22456;24;16;09.32.00;76,22;22,60;53,62;53,62
2026-05-22;2;1;22457;17;10;10.08.00;76,54;23,83;52,71;52,71
2026-05-22;2;1;22459;12;5;10.48.00;78,70;23,84;54,86;54,86
2026-05-22;2;1;22458;22;12;11.04.00;76,45;22,74;53,71;53,71
2026-05-22;2;1;22453;25;2;11.23.00;77,89;23,80;54,09;54,09
2026-05-22;2;1;22460;23;9;12.05.00;78,18;23,80;54,38;54,38
2026-05-22;2;1;22461;19;4;12.07.00;78,78;23,70;55,08;55,08
2026-05-22;2;1;22462;21;14;13.02.00;79,26;22,89;56,37;56,37
2026-05-22;2;1;22464;18;13;13.45.00;77,66;23,87;53,79;53,79
2026-05-22;2;1;22463;16;8;13.48.00;79,78;23,82;55,96;55,96
2026-05-22;2;1;22467;8;7;17.06.00;78,86;23,81;55,05;55,05
2026-05-22;2;2;22470;17;10;22.55.00;78,19;23,55;54,64;54,64
2026-05-23;2;1;22469;9;3;09.15.00;78,29;23,88;54,41;54,41
2026-05-23;2;1;22466;15;27;09.17.00;77,77;23,84;53,93;53,93
2026-05-23;2;1;22471;22;12;09.28.00;77,39;22,95;54,44;54,44
2026-05-23;2;1;22472;25;2;09.29.00;78,90;22,90;56,00;56,00
2026-05-23;2;1;22474;24;16;12.48.00;82,69;22,87;59,82;59,82
2026-05-23;2;1;22468;14;6;13.06.00;83,57;23,81;59,76;59,76
2026-05-23;2;1;22449;20;11;13.24.00;74,45;23,89;50,56;50,56
2026-05-23;2;1;22475;23;9;13.56.00;78,71;22,97;55,74;55,74
2026-05-23;2;1;22476;21;14;14.51.00;78,91;22,80;56,11;56,11
2026-05-23;2;2;22473;12;5;19.11.00;81,99;23,84;58,15;58,15
2026-05-23;2;2;22482;16;8;22.34.00;81,99;23,85;58,14;58,14
2026-05-23;2;2;22484;14;6;00.21.00;77,81;23,80;54,01;54,01
2026-05-23;2;2;22486;2;15;00.32.00;73,33;21,83;51,50;51,50
2026-05-23;2;2;22483;21;14;00.33.00;78,84;22,80;56,04;56,04
2026-05-23;2;2;22487;18;13;00.42.00;79,54;23,82;55,72;55,72
2026-05-23;2;2;22485;19;4;00.46.00;77,57;23,81;53,76;53,76
2026-05-23;2;2;22479;22;12;00.56.00;81,98;22,70;59,28;59,28
2026-05-23;2;2;22477;25;2;01.00.00;81,99;22,90;59,09;59,09
2026-05-23;2;2;22480;23;9;01.02.00;77,68;22,80;54,88;54,88
2026-05-23;2;2;22481;24;16;01.09.00;77,57;22,37;55,20;55,20
2026-05-23;2;2;22478;8;7;01.30.00;81,99;23,85;58,14;58,14
2026-05-24;2;1;22488;22;12;11.29.00;78,26;22,87;55,39;55,39
2026-05-24;2;1;22489;15;27;14.04.00;77,84;23,80;54,04;54,04
2026-05-24;2;1;22490;25;2;14.31.00;82,79;22,89;59,90;59,90
2026-05-24;2;1;22492;24;16;15.10.00;77,89;22,37;55,52;55,52
2026-05-24;2;1;22493;21;14;15.13.00;78,24;22,40;55,84;55,84
2026-05-24;2;2;22491;14;6;19.04.00;79,46;23,85;55,61;55,61
2026-05-25;2;2;22494;24;16;20.38.00;82,67;22,84;59,83;59,83
2026-05-25;2;2;22495;2;15;21.19.00;71,39;21,81;49,58;49,58
2026-05-25;2;2;22498;16;8;21.36.00;79,01;23,89;55,12;55,12
2026-05-25;2;2;22501;21;14;23.28.00;77,30;22,88;54,42;54,42
2026-05-25;2;2;22497;12;5;23.45.00;77,67;23,86;53,81;53,81
2026-05-25;2;2;22496;23;9;23.47.00;78,15;22,91;55,24;55,24
2026-05-25;2;2;22500;17;10;23.48.00;79,49;23,85;55,64;55,64
2026-05-25;2;2;22499;22;12;23.50.00;77,18;22,95;54,23;54,23
2026-05-25;2;2;22503;19;4;00.23.00;78,33;23,80;54,53;54,53
2026-05-25;2;2;22502;25;2;01.57.00;55,00;;55,00;55,00
2026-05-25;2;2;22504;14;6;05.23.00;55,00;;55,00;55,00
2026-05-26;2;1;22505;20;11;09.47.00;55,00;;55,00;55,00
2026-05-26;2;1;22506;25;2;10.56.00;55,00;;55,00;55,00
2026-05-26;2;1;22507;24;16;10.55.00;55,00;;55,00;55,00
2026-05-26;2;1;22508;21;14;12.00.00;55,00;;55,00;55,00
2026-05-26;2;1;22509;22;12;12.01.00;55,00;;55,00;55,00
2026-05-26;2;1;22513;12;5;13.01.00;55,00;;55,00;55,00
2026-05-26;2;1;22510;23;9;13.05.00;55,00;;55,00;55,00
2026-05-26;2;1;22511;14;6;13.19.00;55,00;;55,00;55,00
2026-05-26;2;1;22515;8;7;13.45.00;55,00;;55,00;55,00
2026-05-26;2;1;22516;9;3;14.12.00;55,00;;55,00;55,00
2026-05-26;2;1;22519;16;8;15.15.00;55,00;;55,00;55,00
2026-05-26;2;1;22517;19;4;15.22.00;55,00;;55,00;55,00
2026-05-26;2;1;22518;2;15;16.00.00;53,00;;53,00;53,00
2026-05-26;2;1;22522;18;13;17.21.00;55,00;;55,00;55,00
2026-05-26;2;1;22521;25;2;17.25.00;55,00;;55,00;55,00
2026-05-26;2;1;22523;24;16;18.25.00;55,00;;55,00;55,00
2026-05-26;2;1;22514;17;10;18.25.00;55,00;;55,00;55,00
2026-05-26;2;2;22512;15;32;19.00.00;55,00;;55,00;55,00
2026-05-26;2;2;22526;8;7;19.55.00;55,00;;55,00;55,00
2026-05-26;2;2;22528;23;9;19.55.00;55,00;;55,00;55,00
2026-05-26;2;2;22524;22;14;21.07.00;55,00;;55,00;55,00
2026-05-26;2;2;22525;21;12;21.07.00;55,00;;55,00;55,00
2026-05-26;2;2;22527;14;6;05.48.00;55,00;;55,00;55,00
2026-05-28;2;1;22530;12;5;10.00.00;55,00;;55,00;55,00
2026-05-28;2;1;22529;9;3;10.11.00;55,00;;55,00;55,00
2026-05-28;2;1;22532;24;16;11.05.00;55,00;;55,00;55,00
2026-05-28;2;1;22533;23;9;11.27.00;55,00;;55,00;55,00
2026-05-28;2;1;22535;16;8;12.35.00;55,00;;55,00;55,00
2026-05-28;2;1;22534;25;2;12.14.00;55,00;;55,00;55,00
2026-05-28;2;1;22538;21;14;14.15.00;55,00;;55,00;55,00
2026-05-28;2;1;22536;15;32;14.16.00;55,00;;55,00;55,00
2026-05-28;2;1;22537;14;6;14.39.00;55,00;;55,00;55,00
2026-05-28;2;1;22540;9;3;17.05.00;55,00;;55,00;55,00
2026-05-28;2;2;22546;23;9;21.15.00;55,00;;55,00;55,00
2026-05-28;2;2;22544;25;2;21.25.00;55,00;;55,00;55,00
2026-05-28;2;2;22543;22;12;21.32.00;55,00;;55,00;55,00
2026-05-28;2;2;22548;16;8;21.42.00;55,00;;55,00;55,00
2026-05-28;2;2;22531;19;4;21.51.00;55,00;;55,00;55,00
2026-05-28;2;2;22547;12;5;21.52.00;77,50;22,50;55,00;55,00
2026-05-28;2;2;22541;18;13;22.05.00;77,50;22,50;55,00;55,00
2026-05-28;2;2;22545;24;16;22.19.00;55,00;;55,00;55,00
2026-05-28;2;2;22539;8;7;23.00.00;77,50;22,50;55,00;55,00
2026-05-28;2;2;22550;21;14;23.35.00;55,00;;55,00;55,00
2026-05-28;2;2;22552;14;6;06.19.00;55,00;;55,00;55,00
2026-05-29;2;1;22549;11;15;09.45.00;55,00;;55,00;55,00
2026-05-29;2;1;22542;3;17;09.50.00;53,00;;53,00;53,00
2026-05-30;2;1;22551;15;32;14.45.00;55,00;;55,00;55,00
2026-05-30;2;2;22520;20;11;22.20.00;55,00;;55,00;55,00
2026-05-30;2;2;22555;16;8;22.30.00;55,00;;55,00;55,00
2026-05-30;2;2;22553;24;16;22.36.00;55,00;;55,00;55,00
2026-05-30;2;2;22558;23;9;23.28.00;55,00;;55,00;55,00
2026-05-30;2;2;22557;21;14;00.00.00;55,00;;55,00;55,00
2026-05-30;2;2;22562;18;13;00.48.00;55,00;;55,00;55,00
2026-05-30;2;2;22561;17;10;01.44.00;55,00;;55,00;55,00
2026-05-30;2;2;22560;12;5;01.43.00;55,00;;55,00;55,00
2026-05-30;2;2;22563;9;3;03.27.00;55,00;;55,00;55,00
2026-05-30;2;2;22559;14;6;05.40.00;55,00;;55,00;55,00
2026-05-30;2;2;22556;22;12;00.00.00;55,00;;55,00;55,00
2026-05-31;2;1;22554;25;2;10.18.00;55,00;;55,00;55,00
2026-05-31;2;1;22565;19;4;12.05.00;55,00;;55,00;55,00
2026-05-31;2;1;22564;24;16;13.00.00;55,00;;55,00;55,00
2026-05-31;2;1;22566;21;14;13.20.00;55,00;;55,00;55,00
2026-05-31;2;1;22569;16;8;13.58.00;55,00;;55,00;55,00
2026-05-31;2;1;22570;8;7;14.39.00;55,00;;55,00;55,00
2026-05-31;2;1;22571;9;3;15.03.00;55,00;;55,00;55,00
2026-05-31;2;1;22576;23;9;17.45.00;55,00;;55,00;55,00
2026-05-31;2;1;22574;17;10;17.52.00;55,00;;55,00;55,00
2026-05-31;2;1;22572;22;12;17.53.00;55,00;;55,00;55,00
2026-05-31;2;1;22575;14;6;17.55.00;55,00;;55,00;55,00
2026-05-31;2;1;22568;20;11;17.56.00;55,00;;55,00;55,00
2026-05-31;2;1;22577;25;2;17.57.00;55,00;;55,00;55,00
2026-05-31;2;2;22580;24;16;19.15.00;55,00;;55,00;55,00
2026-05-31;2;2;22579;19;4;19.30.00;55,00;;55,00;55,00
2026-05-31;2;2;22584;9;3;21.09.00;55,00;;55,00;55,00
2026-05-31;2;2;22581;11;15;21.00.00;55,00;;55,00;55,00
2026-05-31;2;2;22582;16;8;21.40.00;55,00;;55,00;55,00
2026-05-31;2;2;22567;12;5;21.00.00;55,00;;55,00;55,00
2026-05-31;2;2;22578;18;13;21.55.00;55,00;;55,00;55,00
2026-05-31;2;2;22586;17;10;23.56.00;55,00;;55,00;55,00
2026-05-31;2;2;22585;23;9;23.57.00;55,00;;55,00;55,00
2026-05-31;2;2;22583;21;14;23.58.00;55,00;;55,00;55,00
2026-05-31;2;2;22589;25;2;01.35.00;55,00;;55,00;55,00
2026-05-31;2;2;22588;22;12;01.45.00;55,00;;55,00;55,00
2026-05-31;2;2;22590;8;7;01.57.00;55,00;;55,00;55,00
2026-06-01;2;1;22587;14;6;09.30.00;55,00;;55,00;55,00
2026-06-01;2;1;22591;20;11;11.36.00;55,00;;55,00;55,00
2026-06-01;2;1;22592;24;16;11.37.00;55,00;;55,00;55,00
2026-06-01;2;1;22594;21;14;11.49.00;55,00;;55,00;55,00
2026-06-01;2;1;22595;19;4;11.52.00;55,00;;55,00;55,00
2026-06-01;2;1;22596;9;3;12.57.00;55,00;;55,00;55,00
2026-06-01;2;1;22597;22;12;13.37.00;55,00;;55,00;55,00
2026-06-01;2;1;22599;25;2;13.51.00;55,00;;55,00;55,00
2026-06-01;2;1;22598;11;15;14.42.00;55,00;;55,00;55,00
2026-06-01;2;1;22593;23;9;15.39.00;55,00;;55,00;55,00
2026-06-01;2;1;22601;16;8;16.57.00;55,00;;55,00;55,00
2026-06-01;2;2;22602;24;16;19.59.00;55,00;;55,00;55,00
2026-06-01;2;2;22605;9;3;19.59.00;55,00;;55,00;55,00
2026-06-01;2;2;22607;17;10;20.59.00;55,00;;55,00;55,00
2026-06-01;2;2;22604;21;14;21.09.00;55,00;;55,00;55,00
2026-06-01;2;2;22611;18;13;21.29.00;55,00;;55,00;55,00
2026-06-01;2;2;22606;22;12;21.35.00;55,00;;55,00;55,00
2026-06-01;2;2;22609;25;2;21.45.00;55,00;;55,00;55,00
2026-06-01;2;2;22603;19;4;21.52.00;55,00;;55,00;55,00
2026-06-01;2;2;22608;20;11;21.57.00;55,00;;55,00;55,00
2026-06-01;2;2;22612;23;9;23.00.00;55,00;;55,00;55,00
2026-06-02;2;1;22610;12;5;13.50.00;55,00;;55,00;55,00
2026-06-02;2;1;22616;25;2;15.57.00;55,00;;55,00;55,00
2026-06-02;2;1;22614;9;3;16.05.00;55,00;;55,00;55,00
2026-06-02;2;1;22613;19;4;16.05.00;55,00;;55,00;55,00
2026-06-02;2;1;22618;23;9;17.57.00;55,00;;55,00;55,00
2026-06-02;2;1;22619;17;10;17.59.00;55,00;;55,00;55,00
2026-06-02;2;1;22600;14;6;18.36.00;55,00;;55,00;55,00
2026-06-02;2;2;22615;21;14;19.12.00;55,00;;55,00;55,00
2026-06-02;2;2;22573;15;32;19.09.00;55,00;;55,00;55,00
2026-06-02;2;2;22617;20;11;22.19.00;55,00;;55,00;55,00
2026-06-03;2;1;22621;9;3;07.42.00;55,00;;55,00;55,00
2026-06-03;2;1;22622;25;2;07.46.00;55,00;;55,00;55,00
2026-06-03;2;1;22620;19;4;07.49.00;55,00;;55,00;55,00
2026-06-03;2;1;22623;23;9;07.51.00;55,00;;55,00;55,00
2026-06-03;2;1;22624;21;14;11.49.00;55,00;;55,00;55,00
2026-06-03;2;1;22625;11;15;15.58.00;55,00;;55,00;55,00
2026-06-03;2;1;22626;24;16;17.36.00;55,00;;55,00;55,00
2026-06-03;2;2;22632;9;3;00.05.00;55,00;;55,00;55,00
2026-06-03;2;2;22627;25;2;00.15.00;55,00;;55,00;55,00
2026-06-03;2;2;22633;19;4;00.27.00;55,00;;55,00;55,00
2026-06-03;2;2;22630;21;14;00.30.00;55,00;;55,00;55,00
2026-06-03;2;2;22629;22;12;00.40.00;55,00;;55,00;55,00
2026-06-04;2;1;22628;23;9;13.48.00;55,00;;55,00;55,00
2026-06-04;2;1;22631;14;6;17.21.00;55,00;;55,00;55,00
2026-06-04;2;2;22639;16;8;00.24.00;55,00;;55,00;55,00
2026-06-04;2;2;22643;23;9;02.03.00;55,00;;55,00;55,00
2026-06-04;2;2;22634;24;16;23.10.00;55,00;;55,00;55,00
2026-06-04;2;2;22640;9;3;01.03.00;55,00;;55,00;55,00
2026-06-04;2;2;22638;15;32;01.12.00;55,00;;55,00;55,00
2026-06-04;2;2;22637;22;12;01.21.00;55,00;;55,00;55,00
2026-06-04;2;2;22644;14;6;23.12.00;55,00;;55,00;55,00
2026-06-04;2;2;22641;17;10;02.09.00;55,00;;55,00;55,00
2026-06-04;2;2;22635;20;11;23.00.00;55,00;;55,00;55,00
2026-06-04;2;2;22642;12;5;02.10.00;55,00;;55,00;55,00
2026-06-05;2;1;22636;11;15;09.47.00;55,00;;55,00;55,00
2026-06-05;2;1;22645;21;14;10.29.00;55,00;;55,00;55,00
2026-06-05;2;1;22648;25;2;12.44.00;55,00;;55,00;55,00
2026-06-05;2;1;22647;24;16;13.03.00;55,00;;55,00;55,00
2026-06-05;2;1;22650;22;12;18.15.00;55,00;;55,00;55,00
2026-06-05;2;1;22646;17;10;13.00.00;55,00;;55,00;55,00
2026-06-05;2;1;22649;8;7;18.16.00;55,00;;55,00;55,00
2026-06-05;2;2;22651;14;6;19.29.00;55,00;;55,00;55,00
2026-06-05;2;2;22652;25;2;19.30.00;55,00;;55,00;55,00
2026-06-05;2;2;22657;20;11;21.04.00;55,00;;55,00;55,00
2026-06-05;2;2;22658;9;3;21.15.00;55,00;;55,00;55,00
2026-06-05;2;2;22659;21;14;21.19.00;55,00;;55,00;55,00
2026-06-05;2;2;22653;24;16;21.22.00;55,00;;55,00;55,00
2026-06-05;2;2;22655;23;9;21.39.00;55,00;;55,00;55,00
2026-06-05;2;2;22663;22;12;23.23.00;55,00;;55,00;55,00
2026-06-05;2;2;22654;12;5;01.59.00;55,00;;55,00;55,00
2026-06-05;2;2;22662;17;10;23.00.00;55,00;;55,00;55,00
2026-06-05;2;2;22660;15;32;02.00.00;55,00;;55,00;55,00
2026-06-06;2;1;22665;25;2;10.19.00;55,00;;55,00;55,00
2026-06-06;2;1;22664;24;16;11.00.00;55,00;;55,00;55,00
2026-06-06;2;1;22661;11;15;11.01.00;55,00;;55,00;55,00
2026-06-06;2;1;22668;19;4;11.30.00;55,00;;55,00;55,00
2026-06-06;2;1;22666;14;6;11.31.00;55,00;;55,00;55,00
2026-06-06;2;1;22669;21;14;11.40.00;55,00;;55,00;55,00
2026-06-06;2;1;22667;20;11;11.41.00;55,00;;55,00;55,00
2026-06-06;2;1;22671;9;3;12.00.00;55,00;;55,00;55,00
2026-06-06;2;1;22673;23;9;13.19.00;55,00;;55,00;55,00
2026-06-06;2;1;22672;12;5;13.20.00;55,00;;55,00;55,00
2026-06-06;2;1;22670;22;12;13.21.00;55,00;;55,00;55,00
2026-06-06;2;1;22675;8;7;16.15.00;71,00;23,80;47,20;47,20
2026-06-06;2;1;22678;16;8;16.25.00;73,71;23,81;49,90;49,90
2026-06-06;2;2;22684;9;3;19.00.00;71,87;23,80;48,07;48,07
2026-06-06;2;2;22680;21;14;19.01.00;72,09;22,88;49,21;49,21
2026-06-06;2;2;22677;25;2;19.09.00;71,86;22,82;49,04;49,04
2026-06-06;2;2;22676;24;16;19.48.00;55,00;;55,00;55,00
2026-06-06;2;2;22681;15;32;19.47.00;55,00;;55,00;55,00
2026-06-06;2;2;22679;14;6;19.50.00;55,00;;55,00;55,00
2026-06-06;2;2;22687;22;12;20.39.00;73,06;22,70;50,36;50,36
2026-06-06;2;2;22682;19;4;20.40.00;72,26;23,80;48,46;48,46
2026-06-06;2;2;22686;12;5;21.29.00;71,47;23,83;47,64;47,64
2026-06-06;2;2;22656;18;13;21.30.00;73,03;23,80;49,23;49,23
2026-06-06;2;2;22688;23;9;21.31.00;72,70;22,80;49,90;49,90
2026-06-06;2;2;22689;17;10;21.37.00;74,09;23,80;50,29;50,29
2026-06-06;2;2;22691;9;3;01.03.00;74,11;23,81;50,30;50,30
2026-06-06;2;2;22685;11;15;02.09.00;71,67;21,65;50,02;50,02
2026-06-07;2;1;22690;16;8;09.09.00;74,59;23,82;50,77;50,77
2026-06-07;2;1;22683;20;11;09.20.00;75,82;23,80;52,02;52,02
2026-06-07;2;1;22692;23;9;10.59.00;78,85;23,80;55,05;55,05
2026-06-07;2;1;22694;25;2;11.15.00;77,85;22,82;55,03;55,03
2026-06-07;2;1;22693;24;16;11.17.00;77,55;22,35;55,20;55,20
2026-06-07;2;1;22674;10;17;12.17.00;78,81;23,80;55,01;55,01
2026-06-07;2;1;22695;22;12;13.31.00;55,00;;55,00;55,00
2026-06-07;2;1;22696;21;14;13.34.00;55,00;;55,00;55,00
2026-06-07;2;1;22699;19;4;14.59.00;55,00;;55,00;55,00
2026-06-07;2;1;22700;8;7;16.29.00;55,00;;55,00;55,00
2026-06-07;2;2;22698;3;18;20.40.00;67,53;22,35;45,18;45,18
2026-06-07;2;2;22705;24;16;21.15.00;71,84;22,36;49,48;49,48
2026-06-07;2;2;22702;23;9;21.54.00;74,12;22,80;51,32;51,32
2026-06-07;2;2;22706;17;10;22.05.00;72,26;22,82;49,44;49,44
2026-06-07;2;2;22710;18;13;22.07.00;78,38;22,82;55,56;55,56
2026-06-07;2;2;22708;12;5;22.09.00;72,50;22,78;49,72;49,72
2026-06-07;2;2;22697;5;31;22.15.00;67,58;22,80;44,78;44,78
2026-06-07;2;2;22707;14;6;23.11.00;73,40;22,82;50,58;50,58
2026-06-07;2;2;22712;20;11;23.28.00;73,99;22,81;51,18;51,18
2026-06-07;2;2;22703;16;8;23.42.00;78,82;22,81;56,01;56,01
2026-06-07;2;2;22711;9;3;22.12.00;72,50;22,82;49,68;49,68
2026-06-08;2;1;22701;11;15;07.31.00;74,20;23,80;50,40;50,40
2026-06-08;2;1;22713;25;2;08.59.00;75,43;22,75;52,68;52,68
2026-06-08;2;1;22714;24;16;11.04.00;74,03;22,37;51,66;51,66
2026-06-08;2;1;22715;22;12;12.09.00;74,13;22,80;51,33;51,33
2026-06-08;2;1;22716;19;4;12.10.00;74,83;23,80;51,03;51,03
2026-06-08;2;1;22717;21;14;12.12.00;78,05;22,88;55,17;55,17
2026-06-08;2;1;22722;14;6;13.14.00;74,20;23,81;50,39;50,39
2026-06-08;2;1;22726;23;9;14.31.00;78,47;23,80;54,67;54,67
2026-06-08;2;1;22719;5;31;15.19.00;72,82;21,80;51,02;51,02
2026-06-08;2;1;22724;11;15;16.23.00;74,67;22,66;52,01;52,01
2026-06-08;2;1;22728;15;32;16.29.00;67,92;22,80;45,12;45,12
2026-06-08;2;1;22720;10;17;17.00.00;75,72;23,60;52,12;52,12
2026-06-08;2;1;22727;3;18;17.17.00;72,91;21,80;51,11;51,11
2026-06-08;2;1;22729;17;10;17.20.00;76,85;23,75;53,10;53,10
2026-06-08;2;1;22730;12;5;17.21.00;76,83;23,74;53,09;53,09
2026-06-08;2;1;22731;18;13;17.22.00;74,84;23,74;51,10;51,10
2026-06-08;2;1;22718;16;8;18.01.00;77,85;23,80;54,05;54,05
2026-06-08;2;2;22732;25;2;19.20.00;77,30;22,95;54,35;54,35
2026-06-08;2;2;22721;9;3;00.01.00;75,81;22,80;53,01;53,01
2026-06-09;2;1;22736;21;14;09.13.00;78,49;22,80;55,69;55,69
2026-06-09;2;1;22735;22;12;09.15.00;77,63;22,60;55,03;55,03
2026-06-09;2;1;22734;14;6;11.09.00;81,99;23,80;58,19;58,19
2026-06-09;2;1;22741;17;10;12.35.00;74,91;23,81;51,10;51,10
2026-06-09;2;1;22738;24;16;12.50.00;75,91;22,34;53,57;53,57
2026-06-09;2;1;22743;15;32;12.51.00;73,81;23,80;50,01;50,01
2026-06-09;2;1;22739;19;4;13.01.00;75,81;23,80;52,01;52,01
2026-06-09;2;1;22744;18;13;13.19.00;76,35;23,81;52,54;52,54
2026-06-09;2;1;22737;23;9;13.24.00;78,61;22,80;55,81;55,81
2026-06-09;2;1;22742;12;5;13.26.00;76,85;23,83;53,02;53,02
2026-06-09;2;1;22733;20;11;14.00.00;79,85;23,83;56,02;56,02
2026-06-09;2;1;22740;5;31;14.26.00;73,22;21,80;51,42;51,42
2026-06-09;2;1;22752;25;2;15.16.00;81,99;22,34;59,65;59,65
2026-06-09;2;1;22756;22;12;18.05.00;81,98;22,63;59,35;59,35
2026-06-09;2;1;22755;9;3;18.06.00;77,91;23,70;54,21;54,21
2026-06-09;2;1;22757;8;7;18.49.00;79,84;23,82;56,02;56,02
2026-06-09;2;1;22754;14;6;18.50.00;78,85;23,80;55,05;55,05
2026-06-09;2;2;22758;24;16;21.39.00;78,61;22,60;56,01;56,01
2026-06-09;2;2;22753;10;17;22.01.00;79,88;23,80;56,08;56,08
2026-06-09;2;2;22769;25;2;23.40.00;79,85;22,67;57,18;57,18
2026-06-10;2;1;22761;21;14;10.30.00;81,99;22,80;59,19;59,19
2026-06-10;2;1;22759;19;4;11.14.00;78,32;23,80;54,52;54,52
2026-06-10;2;1;22760;15;32;11.15.00;78,83;23,82;55,01;55,01
2026-06-10;2;1;22768;23;9;11.24.00;81,98;22,28;59,70;59,70
2026-06-10;2;1;22762;18;13;11.30.00;81,99;23,85;58,14;58,14
2026-06-10;2;1;22763;12;5;11.31.00;81,98;23,83;58,15;58,15
2026-06-10;2;1;22772;9;3;11.39.00;81,99;23,84;58,15;58,15
2026-06-10;2;1;22774;20;11;14.01.00;78,81;23,80;55,01;55,01
2026-06-10;2;1;22776;25;2;14.05.00;73,83;22,60;51,23;51,23
2026-06-10;2;1;22778;16;8;14.09.00;74,85;23,82;51,03;51,03
2026-06-10;2;1;22773;24;16;15.14.00;81,99;22,64;59,35;59,35
2026-06-10;2;1;22780;14;6;15.40.00;76,85;23,82;53,03;53,03
2026-06-10;2;1;22779;11;15;15.41.00;75,85;23,84;52,01;52,01
2026-06-10;2;1;22785;22;12;18.00.00;75,98;22,70;53,28;53,28
2026-06-10;2;1;22782;23;9;18.02.00;76,65;22,63;54,02;54,02
2026-06-10;2;1;22784;2;18;18.03.00;73,48;21,80;51,68;51,68
2026-06-10;2;1;22781;21;14;18.04.00;80,05;22,80;57,25;57,25
2026-06-10;2;1;22783;19;4;18.07.00;74,84;23,81;51,03;51,03
2026-06-10;2;1;22788;9;3;18.29.00;78,83;23,81;55,02;55,02
2026-06-10;2;2;22790;18;13;19.00.00;77,74;23,82;53,92;53,92
2026-06-10;2;2;22792;12;5;19.03.00;79,83;23,80;56,03;56,03
2026-06-10;2;2;22796;25;2;00.13.00;76,02;22,91;53,11;53,11
2026-06-10;2;2;22798;15;32;00.14.00;77,34;23,87;53,47;53,47
2026-06-10;2;2;22794;10;17;00.16.00;80,00;23,89;56,11;56,11
2026-06-11;2;1;22786;8;7;09.21.00;76,69;23,80;52,89;52,89
2026-06-11;2;1;22804;24;16;18.15.00;81,98;22,63;59,35;59,35
2026-06-11;2;2;22811;15;32;22.15.00;81,82;23,81;58,01;58,01
2026-06-11;2;2;22810;22;12;22.22.00;82,74;22,32;60,42;60,42
2026-06-11;2;2;22802;9;3;22.18.00;83,82;23,81;60,01;60,01
2026-06-11;2;2;22808;21;14;22.19.00;82,87;22,85;60,02;60,02
2026-06-11;2;2;22800;14;6;22.21.00;79,88;23,81;56,07;56,07
2026-06-12;2;1;22809;11;15;14.00.00;81,98;23,84;58,14;58,14
2026-06-12;2;1;22817;25;2;14.36.00;79,75;22,73;57,02;57,02
2026-06-12;2;1;22812;5;31;14.42.00;81,88;21,84;60,04;60,04
2026-06-12;2;1;22821;9;3;14.43.00;81,97;23,85;58,12;58,12
2026-06-12;2;1;22822;2;18;16.10.00;76,92;21,80;55,12;55,12
2026-06-12;2;1;22815;10;17;16.11.00;77,86;23,83;54,03;54,03
2026-06-12;2;1;22814;12;5;16.17.00;81,96;23,85;58,11;58,11
2026-06-12;2;1;22803;23;9;16.39.00;81,97;22,75;59,22;59,22
2026-06-12;2;1;22819;22;12;16.40.00;79,75;22,73;57,02;57,02
2026-06-12;2;1;22820;21;14;16.47.00;79,85;22,80;57,05;57,05
2026-06-12;2;1;22816;19;4;16.50.00;77,33;23,82;53,51;53,51
2026-06-12;2;1;22818;24;16;17.57.00;81,98;22,60;59,38;59,38
2026-06-12;2;2;22795;20;11;22.40.00;75,94;23,81;52,13;52,13
2026-06-12;2;2;22823;15;32;21.56.00;82,88;22,88;60,00;60,00
2026-06-12;2;2;22805;17;10;22.54.00;82,82;22,82;60,00;60,00
2026-06-14;2;1;22826;9;3;16.10.00;77,41;22,83;54,58;54,58
2026-06-14;2;1;22827;25;2;16.51.00;78,29;22,18;56,11;56,11
2026-06-14;2;1;22828;19;4;17.26.00;76,41;22,83;53,58;53,58
2026-06-14;2;2;22830;23;9;19.16.00;77,20;22,78;54,42;54,42
2026-06-14;2;2;22831;12;5;19.21.00;76,50;23,82;52,68;52,68
2026-06-14;2;2;22832;18;13;19.22.00;76,97;23,80;53,17;53,17
2026-06-14;2;2;22833;16;8;19.23.00;77,30;23,81;53,49;53,49
2026-06-14;2;2;22834;17;10;19.27.00;75,87;23,83;52,04;52,04
2026-06-14;2;2;22835;14;6;20.15.00;76,04;23,80;52,24;52,24
2026-06-14;2;2;22829;21;14;21.30.00;75,49;22,80;52,69;52,69
2026-06-14;2;2;22836;8;7;23.00.00;74,85;23,83;51,02;51,02
2026-06-14;2;2;22837;2;18;23.01.00;70,36;21,80;48,56;48,56
2026-06-14;2;2;22838;5;31;23.21.00;70,56;21,81;48,75;48,75
2026-06-14;2;2;22840;22;12;23.36.00;76,02;22,71;53,31;53,31
2026-06-14;2;2;22841;15;32;00.09.00;75,69;23,80;51,89;51,89
2026-06-14;2;2;22845;9;3;01.35.00;78,15;23,83;54,32;54,32
2026-06-14;2;2;22843;10;17;01.36.00;78,47;23,80;54,67;54,67
2026-06-15;2;1;22842;11;15;07.26.00;76,53;23,88;52,65;52,65
2026-06-15;2;1;22846;19;4;09.09.00;75,35;23,82;51,53;51,53
2026-06-15;2;1;22847;25;2;10.04.00;76,03;22,97;53,06;53,06
2026-06-15;2;1;22848;24;16;11.10.00;78,83;22,60;56,23;56,23
2026-06-15;2;1;22849;22;12;12.07.00;81,79;22,86;58,93;58,93
2026-06-15;2;1;22855;9;3;13.27.00;82,91;23,87;59,04;59,04
2026-06-15;2;1;22857;16;8;13.29.00;79,89;23,91;55,98;55,98
2026-06-15;2;1;22854;14;6;13.33.00;82,76;23,80;58,96;58,96
2026-06-15;2;1;22859;21;14;14.47.00;79,03;23,81;55,22;55,22
2026-06-15;2;1;22860;17;10;14.48.00;77,36;23,79;53,57;53,57
2026-06-15;2;1;22861;18;13;14.51.00;76,54;23,84;52,70;52,70
2026-06-15;2;1;22851;5;31;14.57.00;79,09;21,87;57,22;57,22
2026-06-15;2;1;22852;10;17;15.33.00;79,51;23,85;55,66;55,66
2026-06-15;2;1;22858;11;15;16.06.00;77,80;23,85;53,95;53,95
2026-06-15;2;1;22863;12;5;16.33.00;77,12;23,89;53,23;53,23
2026-06-15;2;1;22867;23;9;17.05.00;77,74;23,82;53,92;53,92
2026-06-15;2;1;22869;25;2;18.45.00;76,95;23,85;53,10;53,10
2026-06-15;2;1;22871;22;12;18.47.00;75,68;23,94;51,74;51,74
2026-06-15;2;2;22870;19;4;01.00.00;75,89;23,81;52,08;52,08
2026-06-15;2;2;22850;2;18;01.13.00;80,03;21,85;58,18;58,18
2026-06-15;2;2;22853;15;32;01.15.00;76,31;23,83;52,48;52,48
2026-06-15;2;2;22872;24;16;01.17.00;79,31;22,76;56,55;56,55
2026-06-16;2;1;22875;17;10;12.14.00;76,90;22,81;54,09;54,09
2026-06-16;2;1;22873;21;14;13.05.00;81,82;22,80;59,02;59,02
2026-06-16;2;1;22876;25;2;15.32.00;78,06;22,81;55,25;55,25
2026-06-16;2;1;22877;22;12;15.58.00;78,67;22,83;55,84;55,84
2026-06-16;2;1;22878;24;16;16.02.00;79,88;22,37;57,51;57,51
2026-06-16;2;1;22880;14;6;16.52.00;82,88;23,82;59,06;59,06
2026-06-16;2;1;22879;19;4;16.25.00;79,26;23,84;55,42;55,42
2026-06-16;2;1;22881;9;3;16.57.00;77,88;23,81;54,07;54,07
2026-06-17;2;1;22887;13;19;12.49.00;77,01;23,84;53,17;53,17
2026-06-17;2;1;22891;5;31;14.32.00;81,67;21,89;59,78;59,78
2026-06-17;2;1;22893;16;8;14.36.00;75,49;23,86;51,63;51,63
2026-06-17;2;1;22894;21;14;15.16.00;77,57;22,84;54,73;54,73
2026-06-17;2;1;22890;23;9;15.38.00;81,96;22,83;59,13;59,13
2026-06-17;2;1;22892;12;5;16.31.00;78,32;23,80;54,52;54,52
2026-06-17;2;1;22895;18;13;16.33.00;79,00;23,86;55,14;55,14
2026-06-17;2;1;22900;24;16;17.30.00;76,14;22,72;53,42;53,42
2026-06-17;2;1;22884;10;17;17.36.00;75,93;23,81;52,12;52,12
2026-06-17;2;1;22903;25;2;19.18.00;76,46;22,67;53,79;53,79
2026-06-17;2;1;22904;9;3;19.22.00;76,15;23,80;52,35;52,35
2026-06-17;2;1;22898;2;18;19.27.00;73,08;21,85;51,23;51,23
2026-06-17;2;1;22899;15;32;19.30.00;78,29;23,83;54,46;54,46
2026-06-17;2;1;22911;16;8;20.44.00;75,83;23,81;52,02;52,02
2026-06-17;2;1;22908;13;19;21.00.00;75,41;23,84;51,57;51,57
2026-06-17;2;1;22907;22;12;21.05.00;77,10;22,71;54,39;54,39
2026-06-17;2;1;22906;19;4;21.06.00;77,93;23,80;54,13;54,13
2026-06-17;2;1;22912;21;14;21.11.00;79,29;22,80;56,49;56,49
2026-06-17;2;1;22913;5;31;22.39.00;76,16;21,86;54,30;54,30
2026-06-17;2;1;22914;23;9;23.41.00;79,51;22,77;56,74;56,74
2026-06-17;2;1;22916;24;16;23.42.00;81,99;22,74;59,25;59,25
2026-06-17;2;1;22888;11;15;00.09.00;76,08;21,85;54,23;54,23
2026-06-17;2;1;22915;18;13;00.45.00;81,98;23,86;58,12;58,12
2026-06-18;2;1;22917;24;16;12.04.00;76,85;22,73;54,12;54,12
2026-06-18;2;1;22921;9;3;12.42.00;75,98;23,85;52,13;52,13
2026-06-18;2;1;22922;25;2;12.44.00;79,61;22,71;56,90;56,90
2026-06-18;2;1;22918;22;12;15.32.00;81,57;22,75;58,82;58,82
2026-06-18;2;1;22920;21;14;15.35.00;74,71;22,80;51,91;51,91
2026-06-18;2;1;22919;19;4;15.37.00;75,29;23,88;51,41;51,41
2026-06-18;2;1;22936;16;8;16.47.00;82,88;23,90;58,98;58,98
2026-06-18;2;1;22923;11;15;16.48.00;77,72;23,81;53,91;53,91
2026-06-18;2;1;22924;2;18;17.18.00;75,34;21,83;53,51;53,51
2026-06-18;2;1;22927;5;31;17.20.00;79,36;21,89;57,47;57,47
2026-06-18;2;1;22926;15;32;17.22.00;78,94;23,86;55,08;55,08
2026-06-18;2;1;22932;10;17;17.29.00;79,83;23,84;55,99;55,99
2026-06-18;2;2;22929;23;9;19.03.00;81,95;22,75;59,20;59,20
2026-06-18;2;2;22940;9;3;19.33.00;81,98;23,84;58,14;58,14
2026-06-18;2;2;22939;24;16;20.10.00;81,99;22,77;59,22;59,22
2026-06-18;2;2;22942;25;2;21.05.00;81,98;22,64;59,34;59,34
2026-06-18;2;2;22925;13;19;22.44.00;75,51;23,81;51,70;51,70
2026-06-18;2;2;22937;17;10;22.59.00;79,60;23,85;55,75;55,75
2026-06-19;2;2;22943;21;14;21.19.00;81,95;22,80;59,15;59,15
2026-06-19;2;2;22944;19;4;21.55.00;81,98;24,64;57,34;57,34
2026-06-19;2;2;22938;12;5;00.26.00;81,95;23,85;58,10;58,10
2026-06-19;2;2;22955;23;9;00.29.00;78,52;22,76;55,76;55,76
2026-06-19;2;2;22957;17;10;00.31.00;79,06;23,80;55,26;55,26
2026-06-19;2;2;22949;9;3;02.33.00;81,95;23,82;58,13;58,13
2026-06-19;2;2;22945;22;12;02.39.00;81,96;22,80;59,16;59,16
2026-06-19;2;2;22954;24;16;03.59.00;78,94;22,71;56,23;56,23
2026-06-20;2;1;22956;11;15;08.12.00;76,01;23,88;52,13;52,13
2026-06-20;2;1;22958;13;19;09.03.00;74,39;23,87;50,52;50,52
2026-06-20;2;1;22947;25;2;09.05.00;73,87;22,75;51,12;51,12
2026-06-20;2;1;22948;15;32;09.06.00;81,87;23,84;58,03;58,03
2026-06-20;2;1;22931;20;11;09.12.00;79,02;23,80;55,22;55,22
2026-06-20;2;1;22950;10;17;11.06.00;79,10;23,84;55,26;55,26
2026-06-20;2;1;22961;9;3;16.32.00;76,80;23,82;52,98;52,98
2026-06-20;2;1;22960;4;22;16.34.00;71,62;21,88;49,74;49,74
2026-06-20;2;1;22965;23;9;16.47.00;76,27;22,82;53,45;53,45
2026-06-20;2;1;22964;22;12;17.06.00;76,61;22,75;53,86;53,86
2026-06-20;2;1;22966;17;10;17.19.00;75,84;23,81;52,03;52,03
2026-06-20;2;2;22967;12;5;19.00.00;76,15;23,84;52,31;52,31
2026-06-20;2;2;22968;18;13;19.07.00;75,34;23,83;51,51;51,51
2026-06-20;2;2;22963;20;11;19.09.00;75,95;23,85;52,10;52,10
2026-06-20;2;2;22973;24;16;20.01.00;75,94;22,70;53,24;53,24
2026-06-20;2;2;22982;9;3;23.59.00;74,92;23,81;51,11;51,11
2026-06-20;2;2;22981;21;14;00.01.00;75,02;22,80;52,22;52,22
2026-06-20;2;2;22983;4;22;00.04.00;69,73;21,85;47,88;47,88
2026-06-20;2;2;22972;2;18;00.05.00;72,88;21,84;51,04;51,04
2026-06-20;2;2;22980;11;15;00.09.00;71,03;23,80;47,23;47,23
2026-06-20;2;2;22971;15;32;00.11.00;75,66;23,81;51,85;51,85
2026-06-20;2;2;22985;22;12;00.13.00;74,65;22,77;51,88;51,88
2026-06-20;2;2;22984;23;9;00.15.00;75,20;22,80;52,40;52,40
2026-06-20;2;2;22970;16;8;00.16.00;73,96;23,85;50,11;50,11
2026-06-20;2;2;22974;10;17;00.37.00;74,68;23,84;50,84;50,84
2026-06-21;2;1;22988;25;2;11.20.00;79,54;22,86;56,68;56,68
2026-06-21;2;1;22979;13;19;11.24.00;75,86;23,84;52,02;52,02
2026-06-21;2;1;22987;24;16;11.40.00;77,12;22,37;54,75;54,75
2026-06-21;2;1;22989;19;4;12.01.00;78,32;23,81;54,51;54,51
2026-06-21;2;1;22993;4;22;14.40.00;70,65;21,76;48,89;48,89
2026-06-21;2;1;22990;9;3;14.42.00;78,86;23,83;55,03;55,03
2026-06-21;2;1;22996;18;13;15.27.00;78,82;23,81;55,01;55,01
2026-06-21;2;1;22995;22;12;16.15.00;76,86;22,80;54,06;54,06
2026-06-21;2;1;22998;21;14;16.17.00;78,76;22,86;55,90;55,90
2026-06-21;2;1;23001;25;2;17.41.00;79,83;22,81;57,02;57,02
2026-06-21;2;1;22991;2;18;17.44.00;71,87;21,85;50,02;50,02
2026-06-21;2;1;23003;24;16;18.24.00;78,89;22,87;56,02;56,02
2026-06-21;2;1;22992;10;17;18.27.00;79,88;23,81;56,07;56,07
2026-06-21;2;2;22997;12;5;19.03.00;76,90;23,80;53,10;53,10
2026-06-21;2;2;23011;18;13;20.06.00;78,78;23,71;55,07;55,07
2026-06-21;2;2;23004;17;10;19.19.00;78,66;22,50;56,16;56,16
2026-06-21;2;2;23002;23;9;19.16.00;77,56;22,80;54,76;54,76
2026-06-21;2;2;23013;9;3;21.19.00;78,87;23,82;55,05;55,05
2026-06-21;2;2;23008;19;4;21.20.00;77,89;23,85;54,04;54,04
2026-06-21;2;2;23014;22;12;22.08.00;78,79;22,37;56,42;56,42
2026-06-21;2;2;22978;5;31;22.24.00;70,25;21,80;48,45;48,45
2026-06-21;2;2;23016;4;22;22.32.00;74,09;21,81;52,28;52,28
2026-06-21;2;2;23019;25;2;01.54.00;77,82;22,82;55,00;55,00
2026-06-21;2;2;23015;21;14;02.40.00;80,84;22,81;58,03;58,03
2026-06-22;2;1;23018;24;16;09.10.00;78,18;22,37;55,81;55,81
2026-06-22;2;1;23006;20;11;09.19.00;76,59;23,85;52,74;52,74
2026-06-22;2;1;23021;12;5;11.35.00;78,66;23,80;54,86;54,86
2026-06-22;2;1;23020;23;9;11.37.00;78,82;22,80;56,02;56,02
2026-06-22;2;1;23027;16;8;13.21.00;77,59;23,82;53,77;53,77
2026-06-22;2;1;23029;18;13;13.29.00;78,29;23,84;54,45;54,45
2026-06-22;2;1;23000;13;19;13.32.00;77,12;23,84;53,28;53,28
2026-06-22;2;1;23022;25;2;14.00.00;79,57;22,67;56,90;56,90
2026-06-22;2;1;23024;11;15;14.25.00;79,69;23,85;55,84;55,84
2026-06-22;2;1;23033;17;10;15.24.00;75,08;23,80;51,28;51,28
2026-06-22;2;1;23034;24;16;16.19.00;76,11;22,75;53,36;53,36
2026-06-22;2;1;23026;21;14;16.21.00;80,03;22,80;57,23;57,23
2026-06-22;2;1;23025;2;18;16.25.00;74,37;21,85;52,52;52,52
2026-06-22;2;1;23035;19;4;18.14.00;78,23;23,86;54,37;54,37
2026-06-22;2;1;23031;10;17;18.21.00;77,53;23,85;53,68;53,68
2026-06-22;2;2;23038;22;12;19.48.00;78,35;22,72;55,63;55,63
2026-06-23;2;1;23042;5;31;10.05.00;73,95;21,85;52,10;52,10
2026-06-23;2;1;23040;12;5;15.40.00;79,19;23,85;55,34;55,34
2026-06-23;2;1;23043;23;9;15.41.00;81,99;22,84;59,15;59,15
2026-06-23;2;1;23051;18;13;16.00.00;81,98;23,86;58,12;58,12
2026-06-23;2;1;23046;14;6;16.10.00;78,20;23,85;54,35;54,35
2026-06-23;2;1;23047;25;2;17.10.00;81,93;22,78;59,15;59,15
2026-06-23;2;1;23044;13;19;17.11.00;78,25;23,87;54,38;54,38
2026-06-23;2;1;23049;2;18;17.44.00;72,82;21,80;51,02;51,02
2026-06-23;2;1;23048;10;17;17.45.00;81,96;23,86;58,10;58,10
2026-06-23;2;1;23050;11;15;17.50.00;78,30;23,85;54,45;54,45
2026-06-23;2;1;23055;24;16;18.04.00;78,46;22,72;55,74;55,74
2026-06-23;2;1;23056;21;14;18.12.00;78,60;22,80;55,80;55,80
2026-06-23;2;2;23058;16;8;19.00.00;81,99;23,85;58,14;58,14
2026-06-23;2;2;23057;22;12;20.12.00;81,48;22,82;58,66;58,66
2026-06-23;2;2;23054;17;10;20.15.00;79,15;23,80;55,35;55,35
2026-06-23;2;2;23060;20;11;20.17.00;81,67;23,84;57,83;57,83
2026-06-23;2;2;23045;15;32;01.39.00;79,28;23,89;55,39;55,39
2026-06-23;2;2;23066;25;2;02.27.00;81,26;22,88;58,38;58,38
2026-06-23;2;2;23028;4;22;02.30.00;73,53;21,94;51,59;51,59
2026-06-23;2;2;23065;18;13;05.30.00;77,32;23,81;53,51;53,51
2026-06-23;2;2;23067;12;5;05.32.00;81,86;23,83;58,03;58,03
2026-06-24;2;1;23068;24;16;12.07.00;79,82;22,72;57,10;57,10
2026-06-24;2;1;23063;5;31;18.10.00;75,86;21,81;54,05;54,05
2026-06-27;2;1;23072;4;22;11.17.00;73,37;21,85;51,52;51,52
2026-06-27;2;1;23076;14;6;12.09.00;79,02;23,84;55,18;55,18
2026-06-27;2;1;23077;23;9;12.11.00;67,75;22,70;45,05;45,05
2026-06-27;2;1;23073;24;16;12.30.00;71,47;22,72;48,75;48,75
2026-06-27;2;1;23079;22;12;13.01.00;69,17;22,74;46,43;46,43
2026-06-27;2;1;23075;25;2;13.06.00;70,63;22,71;47,92;47,92
2026-06-27;2;1;23080;21;14;13.07.00;68,84;22,80;46,04;46,04
2026-06-27;2;1;23087;12;5;15.30.00;75,08;23,85;51,23;51,23
2026-06-27;2;1;23082;16;8;16.02.00;79,83;23,80;56,03;56,03
2026-06-27;2;1;23088;11;15;17.01.00;75,01;21,83;53,18;53,18
2026-06-27;2;1;23074;13;19;17.25.00;79,59;23,81;55,78;55,78
2026-06-27;2;2;23093;17;10;19.00.00;73,42;23,50;49,92;49,92
2026-06-27;2;2;23085;10;17;19.09.00;76,17;23,84;52,33;52,33
2026-06-27;2;2;23090;14;6;19.14.00;78,79;23,81;54,98;54,98
2026-06-27;2;2;23094;23;9;19.24.00;77,36;22,91;54,45;54,45
2026-06-27;2;2;23097;2;18;20.02.00;73,32;21,88;51,44;51,44
2026-06-27;2;2;23098;24;16;21.37.00;80,48;22,85;57,63;57,63
2026-06-27;2;2;23096;21;14;21.40.00;78,70;23,80;54,90;54,90
2026-06-27;2;2;23099;25;2;21.48.00;77,49;22,89;54,60;54,60
2026-06-27;2;2;23102;12;5;23.06.00;77,97;23,89;54,08;54,08
2026-06-27;2;2;23095;22;12;00.51.00;79,44;22,91;56,53;56,53
2026-06-27;2;2;23106;18;13;00.54.00;75,42;23,83;51,59;51,59
2026-06-27;2;2;23104;17;10;00.54.00;73,87;23,84;50,03;50,03
2026-06-27;2;2;23089;4;22;01.20.00;73,24;22,49;50,75;50,75
2026-06-28;2;1;23112;17;10;11.39.00;75,08;22,50;52,58;52,58
2026-06-28;2;1;23111;11;15;12.33.00;80,86;23,81;57,05;57,05
2026-06-28;2;1;23110;2;18;12.36.00;74,83;21,82;53,01;53,01
2026-06-28;2;1;23105;13;19;12.40.00;77,82;23,82;54,00;54,00
2026-06-28;2;1;23120;25;2;13.34.00;70,16;22,81;47,35;47,35
2026-06-28;2;1;23107;24;16;13.59.00;67,38;22,37;45,01;45,01
2026-06-28;2;1;23115;21;14;13.36.00;70,86;22,84;48,02;48,02
2026-06-28;2;1;23108;22;12;13.29.00;68,77;22,76;46,01;46,01
2026-06-28;2;1;23109;23;9;13.31.00;70,86;22,82;48,04;48,04
2026-06-28;2;1;23118;14;6;16.08.00;77,89;23,87;54,02;54,02
2026-06-28;2;1;23114;12;5;17.38.00;81,89;23,85;58,04;58,04
2026-06-28;2;1;23116;18;13;17.40.00;77,89;23,83;54,06;54,06
2026-06-28;2;1;23119;5;20;18.31.00;68,87;21,83;47,04;47,04
2026-06-28;2;1;23117;10;17;18.37.00;78,89;23,84;55,05;55,05
2026-06-28;2;2;23125;17;10;19.00.00;81,95;23,85;58,10;58,10
2026-06-28;2;2;23127;2;18;20.24.00;69,96;21,80;48,16;48,16
2026-06-28;2;2;23128;11;15;20.56.00;71,86;23,83;48,03;48,03
2026-06-28;2;2;23130;25;2;21.19.00;76,82;22,72;54,10;54,10
2026-06-28;2;2;23133;24;16;21.37.00;81,95;22,75;59,20;59,20
2026-06-28;2;2;23134;23;9;21.51.00;76,72;22,70;54,02;54,02
2026-06-28;2;2;23131;22;12;21.55.00;77,24;22,76;54,48;54,48
2026-06-28;2;2;23132;21;14;22.17.00;79,16;22,80;56,36;56,36
2026-06-29;2;1;23137;24;16;15.32.00;75,50;22,37;53,13;53,13
2026-06-29;2;1;23139;23;9;16.00.00;73,89;22,86;51,03;51,03
2026-06-29;2;1;23135;25;2;16.16.00;76,83;22,81;54,02;54,02
2026-06-29;2;1;23140;21;14;16.18.00;70,81;22,78;48,03;48,03
2026-06-29;2;1;23138;22;12;16.22.00;71,87;22,82;49,05;49,05
2026-06-29;2;1;23141;15;3;17.21.00;80,85;23,79;57,06;57,06
2026-06-29;2;1;23129;13;19;18.08.00;75,86;23,84;52,02;52,02
2026-06-29;2;2;23142;10;17;19.04.00;76,87;23,82;53,05;53,05
2026-06-29;2;2;23144;18;13;19.00.00;76,53;23,81;52,72;52,72
2026-06-29;2;2;23143;5;20;19.10.00;70,34;21,74;48,60;48,60
2026-06-29;2;2;23153;23;9;03.43.00;81,99;22,80;59,19;59,19
2026-06-29;2;2;23152;24;16;03.44.00;81,98;22,75;59,23;59,23
2026-06-29;2;2;23149;22;12;04.41.00;81,96;22,80;59,16;59,16
2026-06-29;2;2;23150;21;14;04.43.00;81,97;22,80;59,17;59,17
2026-06-30;2;1;23151;25;2;09.02.00;81,10;22,76;58,34;58,34
2026-06-30;2;1;23156;10;17;16.20.00;79,93;23,82;56,11;56,11
2026-06-30;2;1;23155;5;20;16.25.00;73,40;21,82;51,58;51,58
2026-06-30;2;1;23159;1;22;17.03.00;71,90;21,83;50,07;50,07
2026-06-30;2;1;23158;13;19;17.56.00;82,86;23,84;59,02;59,02
2026-06-30;2;2;23167;23;9;21.31.00;67,85;22,75;45,10;45,10
2026-06-30;2;2;23166;24;16;21.32.00;69,46;22,75;46,71;46,71
2026-06-30;2;2;23168;25;2;21.33.00;65,98;22,77;43,21;43,21
2026-06-30;2;2;23165;21;14;21.37.00;70,26;22,80;47,46;47,46
2026-06-30;2;2;23169;22;12;21.41.00;66,43;22,76;43,67;43,67
2026-07-01;2;2;23173;24;16;01.30.00;82,50;22,37;60,13;60,13
2026-07-01;2;2;23174;13;19;05.10.00;78,14;23,57;54,57;54,57
2026-07-02;2;1;23177;25;2;13.57.00;75,16;22,11;53,05;53,05
2026-07-02;2;1;23176;14;6;14.45.00;77,87;23,82;54,05;54,05
2026-07-02;2;1;23178;2;18;15.00.00;70,47;21,83;48,64;48,64
2026-07-02;2;1;23179;19;4;15.05.00;74,95;23,84;51,11;51,11
2026-07-02;2;1;23175;1;22;16.02.00;70,61;21,81;48,80;48,80
2026-07-03;2;2;23180;24;16;21.50.00;74,92;22,37;52,55;52,55
2026-07-05;2;1;23186;14;6;14.01.00;79,88;23,82;56,06;56,06
2026-07-05;2;1;23187;1;22;14.08.00;71,92;21,82;50,10;50,10
2026-07-05;2;1;23193;21;14;14.10.00;78,45;22,76;55,69;55,69
2026-07-05;2;1;23194;25;2;14.34.00;78,87;22,84;56,03;56,03
2026-07-05;2;1;23195;10;17;17.45.00;77,40;23,82;53,58;53,58
2026-07-05;2;1;23191;13;19;17.42.00;78,05;23,81;54,24;54,24
2026-07-05;2;1;23192;19;4;17.19.00;75,52;23,81;51,71;51,71
2026-07-05;2;2;23196;8;7;20.10.00;77,89;23,85;54,04;54,04
2026-07-05;2;2;23200;1;22;20.15.00;71,87;21,82;50,05;50,05
2026-07-05;2;2;23198;24;16;20.43.00;79,36;22,37;56,99;56,99
2026-07-05;2;2;23206;21;14;20.59.00;81,93;22,83;59,10;59,10
2026-07-05;2;2;23204;25;2;21.17.00;78,70;22,85;55,85;55,85
2026-07-05;2;2;23207;22;12;22.40.00;81,86;22,84;59,02;59,02
2026-07-05;2;2;23199;14;6;23.43.00;77,90;23,70;54,20;54,20
2026-07-05;2;2;23209;19;4;23.54.00;78,77;23,76;55,01;55,01
2026-07-06;2;1;23210;18;13;08.47.00;79,09;23,85;55,24;55,24
2026-07-06;2;1;23213;24;16;10.51.00;79,52;22,78;56,74;56,74
2026-07-06;2;1;23211;25;2;11.46.00;77,04;22,76;54,28;54,28
2026-07-06;2;1;23219;22;12;12.33.00;77,89;22,79;55,10;55,10
2026-07-06;2;1;23212;14;6;13.00.00;76,91;23,81;53,10;53,10
2026-07-06;2;1;23220;19;4;13.10.00;78,98;23,86;55,12;55,12
2026-07-06;2;1;23222;8;7;13.23.00;77,97;23,85;54,12;54,12
2026-07-06;2;1;23218;21;14;15.00.00;77,87;22,80;55,07;55,07
2026-07-06;2;1;23225;2;18;15.40.00;73,20;21,84;51,36;51,36
2026-07-06;2;1;23216;10;17;15.43.00;77,58;23,86;53,72;53,72
2026-07-06;2;1;23217;1;22;16.01.00;71,97;21,84;50,13;50,13
2026-07-06;2;1;23226;18;13;16.10.00;77,85;23,84;54,01;54,01
2026-07-06;2;1;23227;23;5;16.13.00;78,09;22,85;55,24;55,24
2026-07-06;2;1;23230;24;16;17.29.00;76,70;22,70;54,00;54,00
2026-07-06;2;1;23231;17;10;17.30.00;75,83;23,81;52,02;52,02
2026-07-06;2;1;23214;13;19;17.39.00;76,72;23,70;53,02;53,02
2026-07-06;2;2;23233;22;12;19.53.00;76,87;22,50;54,37;54,37
2026-07-06;2;2;23234;8;7;19.49.00;78,97;23,89;55,08;55,08
2026-07-06;2;2;23232;25;2;20.53.00;76,76;22,85;53,91;53,91
2026-07-07;2;1;23236;21;14;14.03.00;81,98;22,80;59,18;59,18
2026-07-07;2;1;23237;19;4;14.19.00;78,13;23,85;54,28;54,28
2026-07-07;2;1;23238;13;19;15.27.00;77,97;23,80;54,17;54,17
2026-07-09;2;1;23240;24;16;12.00.00;78,54;22,76;55,78;55,78
2026-07-09;2;1;23241;25;2;12.18.00;81,95;22,80;59,15;59,15
2026-07-09;2;1;23243;21;14;12.33.00;81,95;22,80;59,15;59,15
2026-07-09;2;1;23244;19;4;13.03.00;81,96;23,85;58,11;58,11
2026-07-09;2;2;23248;24;16;20.06.00;82,83;22,94;59,89;59,89
2026-07-09;2;2;23242;10;17;20.02.00;79,21;23,79;55,42;55,42
2026-07-09;2;2;23250;16;8;20.50.00;81,92;23,81;58,11;58,11
2026-07-09;2;2;23249;1;22;20.51.00;72,80;21,78;51,02;51,02
2026-07-09;2;2;23251;25;2;21.35.00;82,86;22,85;60,01;60,01
2026-07-09;2;2;23252;2;18;21.54.00;75,03;21,82;53,21;53,21
2026-07-09;2;2;23247;20;15;22.06.00;82,82;23,81;59,01;59,01
2026-07-09;2;2;23256;22;12;23.43.00;82,76;22,74;60,02;60,02
2026-07-09;2;2;23258;21;14;23.46.00;81,55;22,85;58,70;58,70
2026-07-09;2;2;23257;19;4;23.45.00;81,22;23,82;57,40;57,40
2026-07-09;2;2;23253;14;6;00.27.00;79,87;23,84;56,03;56,03
2026-07-09;2;2;23255;18;13;01.51.00;77,34;23,84;53,50;53,50
2026-07-09;2;2;23245;23;5;01.53.00;78,01;22,81;55,20;55,20
